RENDER 01_hero_cage
Blender 4.4.3 (hash 802179c51ccc built 2025-04-29 15:39:58)
Fra:1 Mem:37.47M (Peak 37.47M) | Time:00:00.00 | Mem:0.00M, Peak:0.00M | Scene, ViewLayer | Synchronizing object | left_top_clamp_screw
Fra:1 Mem:37.47M (Peak 37.47M) | Time:00:00.00 | Mem:0.00M, Peak:0.00M | Scene, ViewLayer | Synchronizing object | left_top_axial_screw
Fra:1 Mem:37.52M (Peak 37.52M) | Time:00:00.00 | Mem:0.00M, Peak:0.00M | Scene, ViewLayer | Synchronizing object | right_base_clamp_screw
Fra:1 Mem:37.60M (Peak 37.60M) | Time:00:00.00 | Mem:0.00M, Peak:0.00M | Scene, ViewLayer | Synchronizing object | pad_-7_16
Fra:1 Mem:37.73M (Peak 37.73M) | Time:00:00.00 | Mem:0.00M, Peak:0.00M | Scene, ViewLayer | Synchronizing object | magnetic_multitool
Fra:1 Mem:38.23M (Peak 38.23M) | Time:00:00.00 | Mem:0.00M, Peak:0.00M | Scene, ViewLayer | Synchronizing object | side_rail_clamp_70
Fra:1 Mem:38.52M (Peak 38.52M) | Time:00:00.00 | Mem:0.00M, Peak:0.00M | Scene, ViewLayer | Synchronizing object | side_NATO_stop_29
Fra:1 Mem:38.58M (Peak 38.58M) | Time:00:00.00 | Mem:0.00M, Peak:0.00M | Scene, ViewLayer | Synchronizing object | cable_mount_clamp
Fra:1 Mem:39.33M (Peak 39.33M) | Time:00:00.00 | Mem:0.00M, Peak:0.00M | Scene, ViewLayer | Synchronizing object | cable_mount
Fra:1 Mem:39.62M (Peak 39.62M) | Time:00:00.00 | Mem:0.00M, Peak:0.00M | Scene, ViewLayer | Synchronizing object | cable_carrier_M4_-95
Fra:1 Mem:40.19M (Peak 40.19M) | Time:00:00.00 | Mem:0.00M, Peak:0.00M | Scene, ViewLayer | Synchronizing object | cable_carrier_M4_-81
Fra:1 Mem:40.59M (Peak 40.59M) | Time:00:00.00 | Mem:0.00M, Peak:0.00M | Scene, ViewLayer | Synchronizing object | cable_swing_frame
Fra:1 Mem:40.89M (Peak 40.89M) | Time:00:00.00 | Mem:0.00M, Peak:0.00M | Scene, ViewLayer | Synchronizing object | cable_moving_jaw
Fra:1 Mem:41.35M (Peak 41.35M) | Time:00:00.00 | Mem:0.00M, Peak:0.00M | Scene, ViewLayer | Synchronizing object | cable_lower_pad
Fra:1 Mem:42.67M (Peak 42.67M) | Time:00:00.00 | Mem:0.00M, Peak:0.00M | Scene, ViewLayer | Synchronizing object | cable_thumbwheel
Fra:1 Mem:43.62M (Peak 43.62M) | Time:00:00.00 | Mem:0.00M, Peak:0.00M | Scene, ViewLayer | Synchronizing object | QD_socket_insert
Fra:1 Mem:43.89M (Peak 43.89M) | Time:00:00.00 | Mem:0.00M, Peak:0.00M | Scene, ViewLayer | Synchronizing object | QD_retention_71
Fra:1 Mem:46.78M (Peak 46.78M) | Time:00:00.00 | Mem:0.00M, Peak:0.00M | Scene, ViewLayer | Synchronizing object | QD_retention_89
Fra:1 Mem:47.11M (Peak 47.11M) | Time:00:00.00 | Mem:0.00M, Peak:0.00M | Scene, ViewLayer | Synchronizing object | lens_slider_-25
Fra:1 Mem:49.50M (Peak 49.50M) | Time:00:00.00 | Mem:0.00M, Peak:0.00M | Scene, ViewLayer | Synchronizing object | lens_slider_-9
Fra:1 Mem:49.67M (Peak 49.67M) | Time:00:00.00 | Mem:0.00M, Peak:0.00M | Scene, ViewLayer | Synchronizing object | lens_support_slider
Fra:1 Mem:49.86M (Peak 49.86M) | Time:00:00.00 | Mem:0.00M, Peak:0.00M | Scene, ViewLayer | Synchronizing object | M2_5_lug_fastener
Fra:1 Mem:50.11M (Peak 50.11M) | Time:00:00.00 | Mem:0.00M, Peak:0.00M | Scene, ViewLayer | Synchronizing object | lens_support_lock
Fra:1 Mem:52.72M (Peak 52.72M) | Time:00:00.00 | Mem:0.00M, Peak:0.00M | Scene, ViewLayer | Synchronizing object | side_lug_bridge
Fra:1 Mem:53.73M (Peak 53.73M) | Time:00:00.00 | Mem:0.00M, Peak:0.00M | Scene, ViewLayer | Synchronizing object | side_bridge_clamp
Fra:1 Mem:72.68M (Peak 74.12M) | Time:00:00.01 | Mem:0.00M, Peak:0.00M | Scene, ViewLayer | Initializing
Fra:1 Mem:70.63M (Peak 74.12M) | Time:00:00.01 | Mem:0.00M, Peak:0.00M | Scene, ViewLayer | Waiting for render to start
Fra:1 Mem:70.63M (Peak 74.12M) | Time:00:00.01 | Mem:0.00M, Peak:0.00M | Scene, ViewLayer | Loading render kernels (may take a few minutes the first time)
Fra:1 Mem:70.63M (Peak 74.12M) | Time:00:00.01 | Mem:0.00M, Peak:0.00M | Scene, ViewLayer | Updating Scene
Fra:1 Mem:70.63M (Peak 74.12M) | Time:00:00.01 | Mem:0.00M, Peak:0.00M | Scene, ViewLayer | Updating Shaders
Fra:1 Mem:70.72M (Peak 74.12M) | Time:00:00.01 | Mem:0.00M, Peak:0.00M | Scene, ViewLayer | Updating Procedurals
Fra:1 Mem:70.72M (Peak 74.12M) | Time:00:00.01 | Mem:0.00M, Peak:0.00M | Scene, ViewLayer | Updating Background
Fra:1 Mem:70.72M (Peak 74.12M) | Time:00:00.01 | Mem:0.00M, Peak:0.00M | Scene, ViewLayer | Updating Camera
Fra:1 Mem:70.72M (Peak 74.12M) | Time:00:00.01 | Mem:0.00M, Peak:0.00M | Scene, ViewLayer | Updating Meshes Flags
Fra:1 Mem:70.72M (Peak 74.12M) | Time:00:00.01 | Mem:0.00M, Peak:0.00M | Scene, ViewLayer | Updating Objects
Fra:1 Mem:70.72M (Peak 74.12M) | Time:00:00.01 | Mem:0.00M, Peak:0.00M | Scene, ViewLayer | Updating Objects | Copying Transformations to device
Fra:1 Mem:70.73M (Peak 74.12M) | Time:00:00.01 | Mem:0.02M, Peak:0.02M | Scene, ViewLayer | Updating Objects | Applying Static Transformations
Fra:1 Mem:70.73M (Peak 74.12M) | Time:00:00.01 | Mem:0.02M, Peak:0.02M | Scene, ViewLayer | Updating Particle Systems
Fra:1 Mem:70.73M (Peak 74.12M) | Time:00:00.01 | Mem:0.02M, Peak:0.02M | Scene, ViewLayer | Updating Particle Systems | Copying Particles to device
Fra:1 Mem:70.73M (Peak 74.12M) | Time:00:00.01 | Mem:0.02M, Peak:0.02M | Scene, ViewLayer | Updating Meshes
Fra:1 Mem:76.11M (Peak 76.11M) | Time:00:00.02 | Mem:0.02M, Peak:0.02M | Scene, ViewLayer | Updating Mesh | Computing attributes
Fra:1 Mem:79.13M (Peak 79.13M) | Time:00:00.02 | Mem:0.02M, Peak:0.02M | Scene, ViewLayer | Updating Mesh | Copying Attributes to device
Fra:1 Mem:79.12M (Peak 79.13M) | Time:00:00.02 | Mem:3.03M, Peak:3.03M | Scene, ViewLayer | Updating Scene BVH | Building
Fra:1 Mem:79.12M (Peak 79.13M) | Time:00:00.02 | Mem:3.03M, Peak:3.03M | Scene, ViewLayer | Updating Scene BVH | Building BVH
Fra:1 Mem:79.12M (Peak 79.13M) | Time:00:00.02 | Mem:13.78M, Peak:13.78M | Scene, ViewLayer | Updating Scene BVH | Building BVH 0%
Fra:1 Mem:79.12M (Peak 79.13M) | Time:00:00.04 | Mem:25.49M, Peak:36.25M | Scene, ViewLayer | Updating Scene BVH | Copying BVH to device
Fra:1 Mem:79.12M (Peak 79.13M) | Time:00:00.04 | Mem:25.49M, Peak:36.25M | Scene, ViewLayer | Updating Mesh | Computing normals
Fra:1 Mem:93.86M (Peak 93.86M) | Time:00:00.05 | Mem:25.49M, Peak:36.25M | Scene, ViewLayer | Updating Mesh | Copying Mesh to device
Fra:1 Mem:93.86M (Peak 93.86M) | Time:00:00.05 | Mem:40.23M, Peak:40.23M | Scene, ViewLayer | Updating Objects Flags
Fra:1 Mem:93.86M (Peak 93.86M) | Time:00:00.05 | Mem:40.23M, Peak:40.23M | Scene, ViewLayer | Updating Primitive Offsets
Fra:1 Mem:93.86M (Peak 93.86M) | Time:00:00.05 | Mem:40.23M, Peak:40.23M | Scene, ViewLayer | Updating Images
Fra:1 Mem:93.86M (Peak 93.86M) | Time:00:00.05 | Mem:40.23M, Peak:40.23M | Scene, ViewLayer | Updating Camera Volume
Fra:1 Mem:93.86M (Peak 93.86M) | Time:00:00.05 | Mem:40.23M, Peak:40.23M | Scene, ViewLayer | Updating Lookup Tables
Fra:1 Mem:93.86M (Peak 93.86M) | Time:00:00.05 | Mem:40.31M, Peak:40.31M | Scene, ViewLayer | Updating Lights
Fra:1 Mem:93.87M (Peak 93.87M) | Time:00:00.05 | Mem:40.31M, Peak:40.31M | Scene, ViewLayer | Updating Lights | Computing tree
Fra:1 Mem:93.87M (Peak 93.87M) | Time:00:00.05 | Mem:40.31M, Peak:40.31M | Scene, ViewLayer | Updating Integrator
Fra:1 Mem:93.87M (Peak 93.87M) | Time:00:00.05 | Mem:40.31M, Peak:40.31M | Scene, ViewLayer | Updating Film
Fra:1 Mem:93.87M (Peak 93.87M) | Time:00:00.05 | Mem:40.23M, Peak:40.31M | Scene, ViewLayer | Updating Lookup Tables
Fra:1 Mem:93.87M (Peak 93.87M) | Time:00:00.05 | Mem:40.32M, Peak:40.32M | Scene, ViewLayer | Updating Baking
Fra:1 Mem:93.87M (Peak 93.87M) | Time:00:00.05 | Mem:40.32M, Peak:40.32M | Scene, ViewLayer | Updating Device | Writing constant memory
Fra:1 Mem:93.87M (Peak 93.87M) | Time:00:00.05 | Mem:40.32M, Peak:40.32M | Scene, ViewLayer | Loading denoising kernels (may take a few minutes the first time)
Fra:1 Mem:93.87M (Peak 93.87M) | Time:00:00.05 | Mem:40.32M, Peak:40.32M | Scene, ViewLayer | Sample 0/40
Fra:1 Mem:276.94M (Peak 276.94M) | Time:00:00.45 | Remaining:00:15.60 | Mem:222.97M, Peak:222.97M | Scene, ViewLayer | Sample 1/40
Fra:1 Mem:353.84M (Peak 469.20M) | Time:00:25.31 | Mem:222.97M, Peak:222.97M | Scene, ViewLayer | Sample 40/40
Fra:1 Mem:353.84M (Peak 469.20M) | Time:00:25.31 | Mem:222.97M, Peak:222.97M | Scene, ViewLayer | Finished
Saved: 'C:\nikon_cage_cad\renders\r2\01_hero_cage.png'
Time: 00:25.69 (Saving: 00:00.36)

RENDER 02_rear_cage
Fra:1 Mem:54.93M (Peak 54.93M) | Time:00:00.00 | Mem:0.00M, Peak:0.00M | Scene, ViewLayer | Synchronizing object | left_top_clamp_screw
Fra:1 Mem:54.98M (Peak 54.98M) | Time:00:00.00 | Mem:0.00M, Peak:0.00M | Scene, ViewLayer | Synchronizing object | left_base_clamp_screw
Fra:1 Mem:55.00M (Peak 55.00M) | Time:00:00.00 | Mem:0.00M, Peak:0.00M | Scene, ViewLayer | Synchronizing object | left_top_retainer
Fra:1 Mem:55.05M (Peak 55.05M) | Time:00:00.00 | Mem:0.00M, Peak:0.00M | Scene, ViewLayer | Synchronizing object | left_top_axial_screw
Fra:1 Mem:55.12M (Peak 55.12M) | Time:00:00.00 | Mem:0.00M, Peak:0.00M | Scene, ViewLayer | Synchronizing object | pad_-48_-16
Fra:1 Mem:55.18M (Peak 55.18M) | Time:00:00.00 | Mem:0.00M, Peak:0.00M | Scene, ViewLayer | Synchronizing object | top_plate
Fra:1 Mem:55.51M (Peak 55.51M) | Time:00:00.00 | Mem:0.00M, Peak:0.00M | Scene, ViewLayer | Synchronizing object | cold_shoe_screw_-23
Fra:1 Mem:55.62M (Peak 55.64M) | Time:00:00.00 | Mem:0.00M, Peak:0.00M | Scene, ViewLayer | Synchronizing object | left_NATO_carrier
Fra:1 Mem:57.56M (Peak 57.80M) | Time:00:00.00 | Mem:0.00M, Peak:0.00M | Scene, ViewLayer | Synchronizing object | cable_mount_clamp
Fra:1 Mem:58.00M (Peak 58.00M) | Time:00:00.00 | Mem:0.00M, Peak:0.00M | Scene, ViewLayer | Synchronizing object | cable_carrier_M4_-81
Fra:1 Mem:58.21M (Peak 58.21M) | Time:00:00.00 | Mem:0.00M, Peak:0.00M | Scene, ViewLayer | Synchronizing object | cable_pivot_plate
Fra:1 Mem:58.88M (Peak 58.88M) | Time:00:00.00 | Mem:0.00M, Peak:0.00M | Scene, ViewLayer | Synchronizing object | cable_lower_pad
Fra:1 Mem:60.52M (Peak 60.52M) | Time:00:00.00 | Mem:0.00M, Peak:0.00M | Scene, ViewLayer | Synchronizing object | cable_upper_pad
Fra:1 Mem:60.71M (Peak 60.71M) | Time:00:00.00 | Mem:0.00M, Peak:0.00M | Scene, ViewLayer | Synchronizing object | QD_socket_insert
Fra:1 Mem:60.95M (Peak 60.95M) | Time:00:00.00 | Mem:0.00M, Peak:0.00M | Scene, ViewLayer | Synchronizing object | cable_thumbwheel
Fra:1 Mem:60.90M (Peak 60.95M) | Time:00:00.00 | Mem:0.00M, Peak:0.00M | Scene, ViewLayer | Synchronizing object | lens_slider_-9
Fra:1 Mem:61.16M (Peak 61.16M) | Time:00:00.00 | Mem:0.00M, Peak:0.00M | Scene, ViewLayer | Synchronizing object | lens_support_slider
Fra:1 Mem:62.86M (Peak 62.86M) | Time:00:00.00 | Mem:0.00M, Peak:0.00M | Scene, ViewLayer | Synchronizing object | lens_adapter_support
Fra:1 Mem:65.29M (Peak 65.32M) | Time:00:00.00 | Mem:0.00M, Peak:0.00M | Scene, ViewLayer | Synchronizing object | lens_support_lock
Fra:1 Mem:65.68M (Peak 65.68M) | Time:00:00.00 | Mem:0.00M, Peak:0.00M | Scene, ViewLayer | Synchronizing object | side_lug_bridge
Fra:1 Mem:66.27M (Peak 66.27M) | Time:00:00.00 | Mem:0.00M, Peak:0.00M | Scene, ViewLayer | Synchronizing object | side_bridge_clamp
Fra:1 Mem:67.35M (Peak 67.35M) | Time:00:00.00 | Mem:0.00M, Peak:0.00M | Scene, ViewLayer | Synchronizing object | M2_5_lug_fastener
Fra:1 Mem:72.68M (Peak 72.68M) | Time:00:00.01 | Mem:0.00M, Peak:0.00M | Scene, ViewLayer | Initializing
Fra:1 Mem:70.63M (Peak 72.68M) | Time:00:00.01 | Mem:0.00M, Peak:0.00M | Scene, ViewLayer | Waiting for render to start
Fra:1 Mem:70.63M (Peak 72.68M) | Time:00:00.01 | Mem:0.00M, Peak:0.00M | Scene, ViewLayer | Loading render kernels (may take a few minutes the first time)
Fra:1 Mem:70.63M (Peak 72.68M) | Time:00:00.01 | Mem:0.00M, Peak:0.00M | Scene, ViewLayer | Updating Scene
Fra:1 Mem:70.63M (Peak 72.68M) | Time:00:00.01 | Mem:0.00M, Peak:0.00M | Scene, ViewLayer | Updating Shaders
Fra:1 Mem:70.72M (Peak 72.68M) | Time:00:00.01 | Mem:0.00M, Peak:0.00M | Scene, ViewLayer | Updating Procedurals
Fra:1 Mem:70.72M (Peak 72.68M) | Time:00:00.01 | Mem:0.00M, Peak:0.00M | Scene, ViewLayer | Updating Background
Fra:1 Mem:70.72M (Peak 72.68M) | Time:00:00.01 | Mem:0.00M, Peak:0.00M | Scene, ViewLayer | Updating Camera
Fra:1 Mem:70.72M (Peak 72.68M) | Time:00:00.01 | Mem:0.00M, Peak:0.00M | Scene, ViewLayer | Updating Meshes Flags
Fra:1 Mem:70.72M (Peak 72.68M) | Time:00:00.01 | Mem:0.00M, Peak:0.00M | Scene, ViewLayer | Updating Objects
Fra:1 Mem:70.72M (Peak 72.68M) | Time:00:00.01 | Mem:0.00M, Peak:0.00M | Scene, ViewLayer | Updating Objects | Copying Transformations to device
Fra:1 Mem:70.73M (Peak 72.68M) | Time:00:00.01 | Mem:0.02M, Peak:0.02M | Scene, ViewLayer | Updating Objects | Applying Static Transformations
Fra:1 Mem:70.73M (Peak 72.68M) | Time:00:00.01 | Mem:0.02M, Peak:0.02M | Scene, ViewLayer | Updating Particle Systems
Fra:1 Mem:70.73M (Peak 72.68M) | Time:00:00.01 | Mem:0.02M, Peak:0.02M | Scene, ViewLayer | Updating Particle Systems | Copying Particles to device
Fra:1 Mem:70.73M (Peak 72.68M) | Time:00:00.01 | Mem:0.02M, Peak:0.02M | Scene, ViewLayer | Updating Meshes
Fra:1 Mem:76.11M (Peak 76.11M) | Time:00:00.01 | Mem:0.02M, Peak:0.02M | Scene, ViewLayer | Updating Mesh | Computing attributes
Fra:1 Mem:79.13M (Peak 79.13M) | Time:00:00.01 | Mem:0.02M, Peak:0.02M | Scene, ViewLayer | Updating Mesh | Copying Attributes to device
Fra:1 Mem:79.12M (Peak 79.13M) | Time:00:00.01 | Mem:3.03M, Peak:3.03M | Scene, ViewLayer | Updating Scene BVH | Building
Fra:1 Mem:79.12M (Peak 79.13M) | Time:00:00.01 | Mem:3.03M, Peak:3.03M | Scene, ViewLayer | Updating Scene BVH | Building BVH
Fra:1 Mem:79.12M (Peak 79.13M) | Time:00:00.01 | Mem:13.78M, Peak:13.78M | Scene, ViewLayer | Updating Scene BVH | Building BVH 0%
Fra:1 Mem:79.12M (Peak 79.13M) | Time:00:00.03 | Mem:25.49M, Peak:36.25M | Scene, ViewLayer | Updating Scene BVH | Copying BVH to device
Fra:1 Mem:79.12M (Peak 79.13M) | Time:00:00.03 | Mem:25.49M, Peak:36.25M | Scene, ViewLayer | Updating Mesh | Computing normals
Fra:1 Mem:93.86M (Peak 93.86M) | Time:00:00.04 | Mem:25.49M, Peak:36.25M | Scene, ViewLayer | Updating Mesh | Copying Mesh to device
Fra:1 Mem:93.86M (Peak 93.86M) | Time:00:00.04 | Mem:40.23M, Peak:40.23M | Scene, ViewLayer | Updating Objects Flags
Fra:1 Mem:93.86M (Peak 93.86M) | Time:00:00.04 | Mem:40.23M, Peak:40.23M | Scene, ViewLayer | Updating Primitive Offsets
Fra:1 Mem:93.86M (Peak 93.86M) | Time:00:00.04 | Mem:40.23M, Peak:40.23M | Scene, ViewLayer | Updating Images
Fra:1 Mem:93.86M (Peak 93.86M) | Time:00:00.04 | Mem:40.23M, Peak:40.23M | Scene, ViewLayer | Updating Camera Volume
Fra:1 Mem:93.86M (Peak 93.86M) | Time:00:00.04 | Mem:40.23M, Peak:40.23M | Scene, ViewLayer | Updating Lookup Tables
Fra:1 Mem:93.86M (Peak 93.86M) | Time:00:00.04 | Mem:40.31M, Peak:40.31M | Scene, ViewLayer | Updating Lights
Fra:1 Mem:93.87M (Peak 93.87M) | Time:00:00.04 | Mem:40.31M, Peak:40.31M | Scene, ViewLayer | Updating Lights | Computing tree
Fra:1 Mem:93.87M (Peak 93.87M) | Time:00:00.04 | Mem:40.31M, Peak:40.31M | Scene, ViewLayer | Updating Integrator
Fra:1 Mem:93.87M (Peak 93.87M) | Time:00:00.04 | Mem:40.31M, Peak:40.31M | Scene, ViewLayer | Updating Film
Fra:1 Mem:93.87M (Peak 93.87M) | Time:00:00.04 | Mem:40.23M, Peak:40.31M | Scene, ViewLayer | Updating Lookup Tables
Fra:1 Mem:93.87M (Peak 93.87M) | Time:00:00.04 | Mem:40.32M, Peak:40.32M | Scene, ViewLayer | Updating Baking
Fra:1 Mem:93.87M (Peak 93.87M) | Time:00:00.04 | Mem:40.32M, Peak:40.32M | Scene, ViewLayer | Updating Device | Writing constant memory
Fra:1 Mem:93.87M (Peak 93.87M) | Time:00:00.04 | Mem:40.32M, Peak:40.32M | Scene, ViewLayer | Loading denoising kernels (may take a few minutes the first time)
Fra:1 Mem:93.87M (Peak 93.87M) | Time:00:00.04 | Mem:40.32M, Peak:40.32M | Scene, ViewLayer | Sample 0/40
Fra:1 Mem:276.94M (Peak 276.94M) | Time:00:00.45 | Remaining:00:15.92 | Mem:222.97M, Peak:222.97M | Scene, ViewLayer | Sample 1/40
Fra:1 Mem:353.84M (Peak 469.20M) | Time:00:25.98 | Mem:222.97M, Peak:222.97M | Scene, ViewLayer | Sample 40/40
Fra:1 Mem:353.84M (Peak 469.20M) | Time:00:25.98 | Mem:222.97M, Peak:222.97M | Scene, ViewLayer | Finished
Saved: 'C:\nikon_cage_cad\renders\r2\02_rear_cage.png'
Time: 00:26.45 (Saving: 00:00.44)

RENDER 03_with_camera
Fra:1 Mem:56.01M (Peak 56.01M) | Time:00:00.00 | Mem:0.00M, Peak:0.00M | Scene, ViewLayer | Synchronizing object | left_top_clamp_screw
Fra:1 Mem:56.01M (Peak 56.01M) | Time:00:00.00 | Mem:0.00M, Peak:0.00M | Scene, ViewLayer | Synchronizing object | left_base_axial_screw
Fra:1 Mem:56.08M (Peak 56.08M) | Time:00:00.00 | Mem:0.00M, Peak:0.00M | Scene, ViewLayer | Synchronizing object | right_upright
Fra:1 Mem:56.08M (Peak 56.08M) | Time:00:00.00 | Mem:0.00M, Peak:0.00M | Scene, ViewLayer | Synchronizing object | right_base_axial_screw
Fra:1 Mem:56.12M (Peak 56.12M) | Time:00:00.00 | Mem:0.00M, Peak:0.00M | Scene, ViewLayer | Synchronizing object | top_NATO_stop_25
Fra:1 Mem:56.35M (Peak 56.35M) | Time:00:00.00 | Mem:0.00M, Peak:0.00M | Scene, ViewLayer | Synchronizing object | pad_-7_16
Fra:1 Mem:56.38M (Peak 56.38M) | Time:00:00.00 | Mem:0.00M, Peak:0.00M | Scene, ViewLayer | Synchronizing object | camera_anti_twist_pin
Fra:1 Mem:56.41M (Peak 56.41M) | Time:00:00.00 | Mem:0.00M, Peak:0.00M | Scene, ViewLayer | Synchronizing object | side_rail_clamp_22
Fra:1 Mem:56.45M (Peak 56.45M) | Time:00:00.00 | Mem:0.00M, Peak:0.00M | Scene, ViewLayer | Synchronizing object | side_rail_clamp_70
Fra:1 Mem:56.55M (Peak 56.53M) | Time:00:00.00 | Mem:0.00M, Peak:0.00M | Scene, ViewLayer | Synchronizing object | left_NATO_carrier
Fra:1 Mem:56.60M (Peak 56.60M) | Time:00:00.00 | Mem:0.00M, Peak:0.00M | Scene, ViewLayer | Synchronizing object | cable_pivot_plate
Fra:1 Mem:56.62M (Peak 56.62M) | Time:00:00.00 | Mem:0.00M, Peak:0.00M | Scene, ViewLayer | Synchronizing object | cable_moving_jaw
Fra:1 Mem:56.99M (Peak 56.99M) | Time:00:00.00 | Mem:0.00M, Peak:0.00M | Scene, ViewLayer | Synchronizing object | cable_upper_pad
Fra:1 Mem:57.52M (Peak 57.52M) | Time:00:00.00 | Mem:0.00M, Peak:0.00M | Scene, ViewLayer | Synchronizing object | cable_thumbwheel
Fra:1 Mem:58.10M (Peak 58.10M) | Time:00:00.00 | Mem:0.00M, Peak:0.00M | Scene, ViewLayer | Synchronizing object | QD_socket_insert
Fra:1 Mem:59.29M (Peak 59.29M) | Time:00:00.00 | Mem:0.00M, Peak:0.00M | Scene, ViewLayer | Synchronizing object | QD_retention_71
Fra:1 Mem:60.23M (Peak 60.23M) | Time:00:00.00 | Mem:0.00M, Peak:0.00M | Scene, ViewLayer | Synchronizing object | STUDIO / floor
Fra:1 Mem:60.21M (Peak 60.23M) | Time:00:00.00 | Mem:0.00M, Peak:0.00M | Scene, ViewLayer | Synchronizing object | lens_slider_-25
Fra:1 Mem:60.41M (Peak 60.41M) | Time:00:00.00 | Mem:0.00M, Peak:0.00M | Scene, ViewLayer | Synchronizing object | camera_bottom_door_proxy
Fra:1 Mem:60.59M (Peak 60.59M) | Time:00:00.00 | Mem:0.00M, Peak:0.00M | Scene, ViewLayer | Synchronizing object | lens_slider_-9
Fra:1 Mem:60.67M (Peak 60.78M) | Time:00:00.00 | Mem:0.00M, Peak:0.00M | Scene, ViewLayer | Synchronizing object | lens_adapter_support
Fra:1 Mem:60.58M (Peak 60.78M) | Time:00:00.00 | Mem:0.00M, Peak:0.00M | Scene, ViewLayer | Synchronizing object | side_bridge_clamp
Fra:1 Mem:61.12M (Peak 61.12M) | Time:00:00.00 | Mem:0.00M, Peak:0.00M | Scene, ViewLayer | Synchronizing object | M2_5_lug_fastener
Fra:1 Mem:61.15M (Peak 61.15M) | Time:00:00.00 | Mem:0.00M, Peak:0.00M | Scene, ViewLayer | Synchronizing object | camera_lens_mount_proxy
Fra:1 Mem:61.48M (Peak 61.48M) | Time:00:00.00 | Mem:0.00M, Peak:0.00M | Scene, ViewLayer | Synchronizing object | camera_body_cap_proxy
Fra:1 Mem:61.53M (Peak 61.53M) | Time:00:00.00 | Mem:0.00M, Peak:0.00M | Scene, ViewLayer | Synchronizing object | camera_screen_proxy
Fra:1 Mem:62.34M (Peak 62.34M) | Time:00:00.00 | Mem:0.00M, Peak:0.00M | Scene, ViewLayer | Synchronizing object | camera_button_31
Fra:1 Mem:62.64M (Peak 62.64M) | Time:00:00.00 | Mem:0.00M, Peak:0.00M | Scene, ViewLayer | Synchronizing object | camera_button_46
Fra:1 Mem:63.00M (Peak 63.00M) | Time:00:00.00 | Mem:0.00M, Peak:0.00M | Scene, ViewLayer | Synchronizing object | camera_button_59
Fra:1 Mem:62.76M (Peak 63.00M) | Time:00:00.00 | Mem:0.00M, Peak:0.00M | Scene, ViewLayer | Synchronizing object | camera_top_button_36
Fra:1 Mem:62.95M (Peak 63.00M) | Time:00:00.00 | Mem:0.00M, Peak:0.00M | Scene, ViewLayer | Synchronizing object | camera_top_button_15
Fra:1 Mem:62.97M (Peak 63.00M) | Time:00:00.00 | Mem:0.00M, Peak:0.00M | Scene, ViewLayer | Synchronizing object | camera_accessory_shoe
Fra:1 Mem:77.13M (Peak 77.13M) | Time:00:00.02 | Mem:0.00M, Peak:0.00M | Scene, ViewLayer | Initializing
Fra:1 Mem:74.53M (Peak 77.13M) | Time:00:00.02 | Mem:0.00M, Peak:0.00M | Scene, ViewLayer | Waiting for render to start
Fra:1 Mem:74.54M (Peak 77.13M) | Time:00:00.02 | Mem:0.00M, Peak:0.00M | Scene, ViewLayer | Loading render kernels (may take a few minutes the first time)
Fra:1 Mem:74.54M (Peak 77.13M) | Time:00:00.02 | Mem:0.00M, Peak:0.00M | Scene, ViewLayer | Updating Scene
Fra:1 Mem:74.54M (Peak 77.13M) | Time:00:00.02 | Mem:0.00M, Peak:0.00M | Scene, ViewLayer | Updating Shaders
Fra:1 Mem:74.62M (Peak 77.13M) | Time:00:00.02 | Mem:0.01M, Peak:0.01M | Scene, ViewLayer | Updating Procedurals
Fra:1 Mem:74.62M (Peak 77.13M) | Time:00:00.02 | Mem:0.01M, Peak:0.01M | Scene, ViewLayer | Updating Background
Fra:1 Mem:74.62M (Peak 77.13M) | Time:00:00.02 | Mem:0.01M, Peak:0.01M | Scene, ViewLayer | Updating Camera
Fra:1 Mem:74.62M (Peak 77.13M) | Time:00:00.02 | Mem:0.01M, Peak:0.01M | Scene, ViewLayer | Updating Meshes Flags
Fra:1 Mem:74.62M (Peak 77.13M) | Time:00:00.02 | Mem:0.01M, Peak:0.01M | Scene, ViewLayer | Updating Objects
Fra:1 Mem:74.62M (Peak 77.13M) | Time:00:00.02 | Mem:0.01M, Peak:0.01M | Scene, ViewLayer | Updating Objects | Copying Transformations to device
Fra:1 Mem:74.64M (Peak 77.13M) | Time:00:00.02 | Mem:0.02M, Peak:0.02M | Scene, ViewLayer | Updating Objects | Applying Static Transformations
Fra:1 Mem:74.64M (Peak 77.13M) | Time:00:00.02 | Mem:0.02M, Peak:0.02M | Scene, ViewLayer | Updating Particle Systems
Fra:1 Mem:74.64M (Peak 77.13M) | Time:00:00.02 | Mem:0.02M, Peak:0.02M | Scene, ViewLayer | Updating Particle Systems | Copying Particles to device
Fra:1 Mem:74.64M (Peak 77.13M) | Time:00:00.02 | Mem:0.02M, Peak:0.02M | Scene, ViewLayer | Updating Meshes
Fra:1 Mem:80.55M (Peak 80.55M) | Time:00:00.03 | Mem:0.02M, Peak:0.02M | Scene, ViewLayer | Updating Mesh | Computing attributes
Fra:1 Mem:83.85M (Peak 83.85M) | Time:00:00.03 | Mem:0.03M, Peak:0.03M | Scene, ViewLayer | Updating Mesh | Copying Attributes to device
Fra:1 Mem:83.84M (Peak 83.85M) | Time:00:00.04 | Mem:3.31M, Peak:3.31M | Scene, ViewLayer | Updating Scene BVH | Building
Fra:1 Mem:83.84M (Peak 83.85M) | Time:00:00.04 | Mem:3.31M, Peak:3.31M | Scene, ViewLayer | Updating Scene BVH | Building BVH
Fra:1 Mem:83.84M (Peak 83.85M) | Time:00:00.04 | Mem:15.13M, Peak:15.13M | Scene, ViewLayer | Updating Scene BVH | Building BVH 0%
Fra:1 Mem:83.84M (Peak 83.85M) | Time:00:00.07 | Mem:28.00M, Peak:39.82M | Scene, ViewLayer | Updating Scene BVH | Copying BVH to device
Fra:1 Mem:83.84M (Peak 83.85M) | Time:00:00.07 | Mem:28.00M, Peak:39.82M | Scene, ViewLayer | Updating Mesh | Computing normals
Fra:1 Mem:99.98M (Peak 99.98M) | Time:00:00.08 | Mem:28.00M, Peak:39.82M | Scene, ViewLayer | Updating Mesh | Copying Mesh to device
Fra:1 Mem:99.98M (Peak 99.98M) | Time:00:00.08 | Mem:44.14M, Peak:44.14M | Scene, ViewLayer | Updating Objects Flags
Fra:1 Mem:99.98M (Peak 99.98M) | Time:00:00.08 | Mem:44.14M, Peak:44.14M | Scene, ViewLayer | Updating Primitive Offsets
Fra:1 Mem:99.98M (Peak 99.98M) | Time:00:00.08 | Mem:44.14M, Peak:44.14M | Scene, ViewLayer | Updating Images
Fra:1 Mem:99.98M (Peak 99.98M) | Time:00:00.08 | Mem:44.14M, Peak:44.14M | Scene, ViewLayer | Updating Camera Volume
Fra:1 Mem:99.98M (Peak 99.98M) | Time:00:00.08 | Mem:44.14M, Peak:44.14M | Scene, ViewLayer | Updating Lookup Tables
Fra:1 Mem:99.98M (Peak 99.98M) | Time:00:00.08 | Mem:44.22M, Peak:44.22M | Scene, ViewLayer | Updating Lights
Fra:1 Mem:99.98M (Peak 99.98M) | Time:00:00.08 | Mem:44.22M, Peak:44.22M | Scene, ViewLayer | Updating Lights | Computing tree
Fra:1 Mem:99.98M (Peak 99.98M) | Time:00:00.08 | Mem:44.22M, Peak:44.22M | Scene, ViewLayer | Updating Integrator
Fra:1 Mem:99.98M (Peak 99.98M) | Time:00:00.08 | Mem:44.22M, Peak:44.22M | Scene, ViewLayer | Updating Film
Fra:1 Mem:99.99M (Peak 99.99M) | Time:00:00.08 | Mem:44.14M, Peak:44.22M | Scene, ViewLayer | Updating Lookup Tables
Fra:1 Mem:99.99M (Peak 99.99M) | Time:00:00.08 | Mem:44.23M, Peak:44.23M | Scene, ViewLayer | Updating Baking
Fra:1 Mem:99.99M (Peak 99.99M) | Time:00:00.08 | Mem:44.23M, Peak:44.23M | Scene, ViewLayer | Updating Device | Writing constant memory
Fra:1 Mem:99.99M (Peak 99.99M) | Time:00:00.08 | Mem:44.23M, Peak:44.23M | Scene, ViewLayer | Loading denoising kernels (may take a few minutes the first time)
Fra:1 Mem:99.99M (Peak 99.99M) | Time:00:00.08 | Mem:44.23M, Peak:44.23M | Scene, ViewLayer | Sample 0/40
Fra:1 Mem:283.05M (Peak 283.05M) | Time:00:01.19 | Remaining:00:43.25 | Mem:226.87M, Peak:226.87M | Scene, ViewLayer | Sample 1/40
Fra:1 Mem:283.05M (Peak 283.05M) | Time:00:35.04 | Remaining:00:07.41 | Mem:226.87M, Peak:226.87M | Scene, ViewLayer | Sample 33/40
Fra:1 Mem:359.96M (Peak 475.32M) | Time:00:52.66 | Mem:226.87M, Peak:226.87M | Scene, ViewLayer | Sample 40/40
Fra:1 Mem:359.96M (Peak 475.32M) | Time:00:52.66 | Mem:226.87M, Peak:226.87M | Scene, ViewLayer | Finished
Saved: 'C:\nikon_cage_cad\renders\r2\03_with_camera.png'
Time: 00:52.93 (Saving: 00:00.26)

RENDER 04_camera_rear
Fra:1 Mem:57.71M (Peak 57.71M) | Time:00:00.00 | Mem:0.00M, Peak:0.00M | Scene, ViewLayer | Synchronizing object | left_top_clamp_screw
Fra:1 Mem:57.71M (Peak 57.71M) | Time:00:00.00 | Mem:0.00M, Peak:0.00M | Scene, ViewLayer | Synchronizing object | right_top_retainer
Fra:1 Mem:57.75M (Peak 57.75M) | Time:00:00.00 | Mem:0.00M, Peak:0.00M | Scene, ViewLayer | Synchronizing object | pad_-48_16
Fra:1 Mem:57.84M (Peak 57.84M) | Time:00:00.00 | Mem:0.00M, Peak:0.00M | Scene, ViewLayer | Synchronizing object | baseplate
Fra:1 Mem:57.84M (Peak 57.84M) | Time:00:00.00 | Mem:0.00M, Peak:0.00M | Scene, ViewLayer | Synchronizing object | cold_shoe_screw_-12
Fra:1 Mem:58.15M (Peak 58.15M) | Time:00:00.00 | Mem:0.00M, Peak:0.00M | Scene, ViewLayer | Synchronizing object | side_rail_clamp_22
Fra:1 Mem:58.37M (Peak 58.37M) | Time:00:00.00 | Mem:0.00M, Peak:0.00M | Scene, ViewLayer | Synchronizing object | cable_mount_clamp
Fra:1 Mem:58.42M (Peak 58.42M) | Time:00:00.00 | Mem:0.00M, Peak:0.00M | Scene, ViewLayer | Synchronizing object | cable_mount
Fra:1 Mem:58.57M (Peak 58.57M) | Time:00:00.00 | Mem:0.00M, Peak:0.00M | Scene, ViewLayer | Synchronizing object | cable_carrier_M4_-95
Fra:1 Mem:60.73M (Peak 60.73M) | Time:00:00.00 | Mem:0.00M, Peak:0.00M | Scene, ViewLayer | Synchronizing object | cable_carrier_M4_-81
Fra:1 Mem:61.05M (Peak 61.05M) | Time:00:00.00 | Mem:0.00M, Peak:0.00M | Scene, ViewLayer | Synchronizing object | cable_pivot_plate
Fra:1 Mem:61.32M (Peak 61.32M) | Time:00:00.00 | Mem:0.00M, Peak:0.00M | Scene, ViewLayer | Synchronizing object | cable_swing_frame
Fra:1 Mem:62.58M (Peak 62.58M) | Time:00:00.00 | Mem:0.00M, Peak:0.00M | Scene, ViewLayer | Synchronizing object | cable_lower_pad
Fra:1 Mem:62.78M (Peak 62.78M) | Time:00:00.00 | Mem:0.00M, Peak:0.00M | Scene, ViewLayer | Synchronizing object | cable_upper_pad
Fra:1 Mem:62.63M (Peak 62.78M) | Time:00:00.00 | Mem:0.00M, Peak:0.00M | Scene, ViewLayer | Synchronizing object | cable_thumbwheel
Fra:1 Mem:62.75M (Peak 62.78M) | Time:00:00.00 | Mem:0.00M, Peak:0.00M | Scene, ViewLayer | Synchronizing object | QD_retention_71
Fra:1 Mem:63.56M (Peak 63.56M) | Time:00:00.00 | Mem:0.00M, Peak:0.00M | Scene, ViewLayer | Synchronizing object | QD_retention_89
Fra:1 Mem:63.44M (Peak 63.56M) | Time:00:00.00 | Mem:0.00M, Peak:0.00M | Scene, ViewLayer | Synchronizing object | lens_slider_-25
Fra:1 Mem:64.40M (Peak 64.40M) | Time:00:00.00 | Mem:0.00M, Peak:0.00M | Scene, ViewLayer | Synchronizing object | lens_slider_-9
Fra:1 Mem:64.47M (Peak 64.47M) | Time:00:00.00 | Mem:0.00M, Peak:0.00M | Scene, ViewLayer | Synchronizing object | lens_support_slider
Fra:1 Mem:66.75M (Peak 66.75M) | Time:00:00.00 | Mem:0.00M, Peak:0.00M | Scene, ViewLayer | Synchronizing object | lens_adapter_support
Fra:1 Mem:68.43M (Peak 68.43M) | Time:00:00.00 | Mem:0.00M, Peak:0.00M | Scene, ViewLayer | Synchronizing object | lens_support_lock
Fra:1 Mem:68.61M (Peak 68.61M) | Time:00:00.00 | Mem:0.00M, Peak:0.00M | Scene, ViewLayer | Synchronizing object | side_lug_bridge
Fra:1 Mem:69.29M (Peak 69.29M) | Time:00:00.00 | Mem:0.00M, Peak:0.00M | Scene, ViewLayer | Synchronizing object | side_bridge_clamp
Fra:1 Mem:70.09M (Peak 70.09M) | Time:00:00.00 | Mem:0.00M, Peak:0.00M | Scene, ViewLayer | Synchronizing object | camera_screen_proxy
Fra:1 Mem:70.66M (Peak 70.66M) | Time:00:00.00 | Mem:0.00M, Peak:0.00M | Scene, ViewLayer | Synchronizing object | camera_button_31
Fra:1 Mem:70.77M (Peak 70.77M) | Time:00:00.00 | Mem:0.00M, Peak:0.00M | Scene, ViewLayer | Synchronizing object | camera_button_46
Fra:1 Mem:71.36M (Peak 71.36M) | Time:00:00.00 | Mem:0.00M, Peak:0.00M | Scene, ViewLayer | Synchronizing object | camera_button_59
Fra:1 Mem:72.38M (Peak 72.38M) | Time:00:00.00 | Mem:0.00M, Peak:0.00M | Scene, ViewLayer | Synchronizing object | camera_top_button_36
Fra:1 Mem:72.47M (Peak 72.47M) | Time:00:00.00 | Mem:0.00M, Peak:0.00M | Scene, ViewLayer | Synchronizing object | camera_rec_button
Fra:1 Mem:72.63M (Peak 72.63M) | Time:00:00.00 | Mem:0.00M, Peak:0.00M | Scene, ViewLayer | Synchronizing object | camera_accessory_shoe
Fra:1 Mem:77.13M (Peak 77.13M) | Time:00:00.00 | Mem:0.00M, Peak:0.00M | Scene, ViewLayer | Initializing
Fra:1 Mem:74.53M (Peak 77.13M) | Time:00:00.00 | Mem:0.00M, Peak:0.00M | Scene, ViewLayer | Waiting for render to start
Fra:1 Mem:74.54M (Peak 77.13M) | Time:00:00.01 | Mem:0.00M, Peak:0.00M | Scene, ViewLayer | Loading render kernels (may take a few minutes the first time)
Fra:1 Mem:74.54M (Peak 77.13M) | Time:00:00.01 | Mem:0.00M, Peak:0.00M | Scene, ViewLayer | Updating Scene
Fra:1 Mem:74.54M (Peak 77.13M) | Time:00:00.01 | Mem:0.00M, Peak:0.00M | Scene, ViewLayer | Updating Shaders
Fra:1 Mem:74.62M (Peak 77.13M) | Time:00:00.01 | Mem:0.01M, Peak:0.01M | Scene, ViewLayer | Updating Procedurals
Fra:1 Mem:74.62M (Peak 77.13M) | Time:00:00.01 | Mem:0.01M, Peak:0.01M | Scene, ViewLayer | Updating Background
Fra:1 Mem:74.62M (Peak 77.13M) | Time:00:00.01 | Mem:0.01M, Peak:0.01M | Scene, ViewLayer | Updating Camera
Fra:1 Mem:74.62M (Peak 77.13M) | Time:00:00.01 | Mem:0.01M, Peak:0.01M | Scene, ViewLayer | Updating Meshes Flags
Fra:1 Mem:74.62M (Peak 77.13M) | Time:00:00.01 | Mem:0.01M, Peak:0.01M | Scene, ViewLayer | Updating Objects
Fra:1 Mem:74.62M (Peak 77.13M) | Time:00:00.01 | Mem:0.01M, Peak:0.01M | Scene, ViewLayer | Updating Objects | Copying Transformations to device
Fra:1 Mem:74.64M (Peak 77.13M) | Time:00:00.01 | Mem:0.02M, Peak:0.02M | Scene, ViewLayer | Updating Objects | Applying Static Transformations
Fra:1 Mem:74.64M (Peak 77.13M) | Time:00:00.01 | Mem:0.02M, Peak:0.02M | Scene, ViewLayer | Updating Particle Systems
Fra:1 Mem:74.64M (Peak 77.13M) | Time:00:00.01 | Mem:0.02M, Peak:0.02M | Scene, ViewLayer | Updating Particle Systems | Copying Particles to device
Fra:1 Mem:74.64M (Peak 77.13M) | Time:00:00.01 | Mem:0.02M, Peak:0.02M | Scene, ViewLayer | Updating Meshes
Fra:1 Mem:80.55M (Peak 80.55M) | Time:00:00.01 | Mem:0.02M, Peak:0.02M | Scene, ViewLayer | Updating Mesh | Computing attributes
Fra:1 Mem:83.85M (Peak 83.85M) | Time:00:00.01 | Mem:0.03M, Peak:0.03M | Scene, ViewLayer | Updating Mesh | Copying Attributes to device
Fra:1 Mem:83.84M (Peak 83.85M) | Time:00:00.01 | Mem:3.31M, Peak:3.31M | Scene, ViewLayer | Updating Scene BVH | Building
Fra:1 Mem:83.84M (Peak 83.85M) | Time:00:00.01 | Mem:3.31M, Peak:3.31M | Scene, ViewLayer | Updating Scene BVH | Building BVH
Fra:1 Mem:83.84M (Peak 83.85M) | Time:00:00.01 | Mem:15.13M, Peak:15.13M | Scene, ViewLayer | Updating Scene BVH | Building BVH 0%
Fra:1 Mem:83.84M (Peak 83.85M) | Time:00:00.02 | Mem:28.00M, Peak:39.82M | Scene, ViewLayer | Updating Scene BVH | Copying BVH to device
Fra:1 Mem:83.84M (Peak 83.85M) | Time:00:00.02 | Mem:28.00M, Peak:39.82M | Scene, ViewLayer | Updating Mesh | Computing normals
Fra:1 Mem:99.98M (Peak 99.98M) | Time:00:00.03 | Mem:28.00M, Peak:39.82M | Scene, ViewLayer | Updating Mesh | Copying Mesh to device
Fra:1 Mem:99.98M (Peak 99.98M) | Time:00:00.03 | Mem:44.14M, Peak:44.14M | Scene, ViewLayer | Updating Objects Flags
Fra:1 Mem:99.98M (Peak 99.98M) | Time:00:00.03 | Mem:44.14M, Peak:44.14M | Scene, ViewLayer | Updating Primitive Offsets
Fra:1 Mem:99.98M (Peak 99.98M) | Time:00:00.03 | Mem:44.14M, Peak:44.14M | Scene, ViewLayer | Updating Images
Fra:1 Mem:99.98M (Peak 99.98M) | Time:00:00.03 | Mem:44.14M, Peak:44.14M | Scene, ViewLayer | Updating Camera Volume
Fra:1 Mem:99.98M (Peak 99.98M) | Time:00:00.03 | Mem:44.14M, Peak:44.14M | Scene, ViewLayer | Updating Lookup Tables
Fra:1 Mem:99.98M (Peak 99.98M) | Time:00:00.03 | Mem:44.22M, Peak:44.22M | Scene, ViewLayer | Updating Lights
Fra:1 Mem:99.98M (Peak 99.98M) | Time:00:00.03 | Mem:44.22M, Peak:44.22M | Scene, ViewLayer | Updating Lights | Computing tree
Fra:1 Mem:99.98M (Peak 99.98M) | Time:00:00.03 | Mem:44.22M, Peak:44.22M | Scene, ViewLayer | Updating Integrator
Fra:1 Mem:99.98M (Peak 99.98M) | Time:00:00.03 | Mem:44.22M, Peak:44.22M | Scene, ViewLayer | Updating Film
Fra:1 Mem:99.99M (Peak 99.99M) | Time:00:00.03 | Mem:44.14M, Peak:44.22M | Scene, ViewLayer | Updating Lookup Tables
Fra:1 Mem:99.99M (Peak 99.99M) | Time:00:00.03 | Mem:44.23M, Peak:44.23M | Scene, ViewLayer | Updating Baking
Fra:1 Mem:99.99M (Peak 99.99M) | Time:00:00.03 | Mem:44.23M, Peak:44.23M | Scene, ViewLayer | Updating Device | Writing constant memory
Fra:1 Mem:99.99M (Peak 99.99M) | Time:00:00.03 | Mem:44.23M, Peak:44.23M | Scene, ViewLayer | Loading denoising kernels (may take a few minutes the first time)
Fra:1 Mem:99.99M (Peak 99.99M) | Time:00:00.03 | Mem:44.23M, Peak:44.23M | Scene, ViewLayer | Sample 0/40
Fra:1 Mem:283.05M (Peak 283.05M) | Time:00:00.53 | Remaining:00:19.55 | Mem:226.87M, Peak:226.87M | Scene, ViewLayer | Sample 1/40
Fra:1 Mem:359.96M (Peak 475.32M) | Time:00:22.19 | Mem:226.87M, Peak:226.87M | Scene, ViewLayer | Sample 40/40
Fra:1 Mem:359.96M (Peak 475.32M) | Time:00:22.19 | Mem:226.87M, Peak:226.87M | Scene, ViewLayer | Finished
Saved: 'C:\nikon_cage_cad\renders\r2\04_camera_rear.png'
Time: 00:22.44 (Saving: 00:00.24)

RENDER 05_exploded
Fra:1 Mem:56.55M (Peak 56.55M) | Time:00:00.00 | Mem:0.00M, Peak:0.00M | Scene, ViewLayer | Synchronizing object | left_top_clamp_screw
Fra:1 Mem:56.55M (Peak 56.55M) | Time:00:00.00 | Mem:0.00M, Peak:0.00M | Scene, ViewLayer | Synchronizing object | left_top_axial_screw
Fra:1 Mem:56.60M (Peak 56.60M) | Time:00:00.00 | Mem:0.00M, Peak:0.00M | Scene, ViewLayer | Synchronizing object | right_top_retainer
Fra:1 Mem:56.68M (Peak 56.68M) | Time:00:00.00 | Mem:0.00M, Peak:0.00M | Scene, ViewLayer | Synchronizing object | top_NATO_stop_-25
Fra:1 Mem:56.73M (Peak 56.73M) | Time:00:00.00 | Mem:0.00M, Peak:0.00M | Scene, ViewLayer | Synchronizing object | pad_-7_-16
Fra:1 Mem:56.77M (Peak 56.77M) | Time:00:00.00 | Mem:0.00M, Peak:0.00M | Scene, ViewLayer | Synchronizing object | camera_tie_down
Fra:1 Mem:56.81M (Peak 56.81M) | Time:00:00.00 | Mem:0.00M, Peak:0.00M | Scene, ViewLayer | Synchronizing object | cold_shoe_screw_-23
Fra:1 Mem:57.34M (Peak 57.34M) | Time:00:00.00 | Mem:0.00M, Peak:0.00M | Scene, ViewLayer | Synchronizing object | side_NATO_stop_29
Fra:1 Mem:57.41M (Peak 57.41M) | Time:00:00.00 | Mem:0.00M, Peak:0.00M | Scene, ViewLayer | Synchronizing object | cable_mount_clamp
Fra:1 Mem:57.44M (Peak 57.44M) | Time:00:00.00 | Mem:0.00M, Peak:0.00M | Scene, ViewLayer | Synchronizing object | cable_mount
Fra:1 Mem:57.75M (Peak 57.75M) | Time:00:00.00 | Mem:0.00M, Peak:0.00M | Scene, ViewLayer | Synchronizing object | cable_carrier_M4_-95
Fra:1 Mem:57.75M (Peak 57.75M) | Time:00:00.00 | Mem:0.00M, Peak:0.00M | Scene, ViewLayer | Synchronizing object | cable_carrier_M4_-81
Fra:1 Mem:58.22M (Peak 58.22M) | Time:00:00.00 | Mem:0.00M, Peak:0.00M | Scene, ViewLayer | Synchronizing object | cable_swing_frame
Fra:1 Mem:58.24M (Peak 58.24M) | Time:00:00.00 | Mem:0.00M, Peak:0.00M | Scene, ViewLayer | Synchronizing object | cable_moving_jaw
Fra:1 Mem:59.08M (Peak 59.08M) | Time:00:00.00 | Mem:0.00M, Peak:0.00M | Scene, ViewLayer | Synchronizing object | cable_lower_pad
Fra:1 Mem:59.43M (Peak 59.43M) | Time:00:00.00 | Mem:0.00M, Peak:0.00M | Scene, ViewLayer | Synchronizing object | cable_upper_pad
Fra:1 Mem:60.17M (Peak 60.17M) | Time:00:00.00 | Mem:0.00M, Peak:0.00M | Scene, ViewLayer | Synchronizing object | M2_5_lug_fastener
Fra:1 Mem:61.27M (Peak 61.27M) | Time:00:00.00 | Mem:0.00M, Peak:0.00M | Scene, ViewLayer | Synchronizing object | QD_socket_insert
Fra:1 Mem:61.45M (Peak 61.45M) | Time:00:00.00 | Mem:0.00M, Peak:0.00M | Scene, ViewLayer | Synchronizing object | QD_retention_71
Fra:1 Mem:63.11M (Peak 63.11M) | Time:00:00.00 | Mem:0.00M, Peak:0.00M | Scene, ViewLayer | Synchronizing object | lens_slider_-9
Fra:1 Mem:63.30M (Peak 63.30M) | Time:00:00.00 | Mem:0.00M, Peak:0.00M | Scene, ViewLayer | Synchronizing object | lens_support_lock
Fra:1 Mem:63.60M (Peak 63.60M) | Time:00:00.00 | Mem:0.00M, Peak:0.00M | Scene, ViewLayer | Synchronizing object | side_lug_bridge
Fra:1 Mem:74.30M (Peak 75.04M) | Time:00:00.01 | Mem:0.00M, Peak:0.00M | Scene, ViewLayer | Initializing
Fra:1 Mem:72.33M (Peak 75.04M) | Time:00:00.01 | Mem:0.00M, Peak:0.00M | Scene, ViewLayer | Waiting for render to start
Fra:1 Mem:72.33M (Peak 75.04M) | Time:00:00.01 | Mem:0.00M, Peak:0.00M | Scene, ViewLayer | Loading render kernels (may take a few minutes the first time)
Fra:1 Mem:72.33M (Peak 75.04M) | Time:00:00.01 | Mem:0.00M, Peak:0.00M | Scene, ViewLayer | Updating Scene
Fra:1 Mem:72.33M (Peak 75.04M) | Time:00:00.01 | Mem:0.00M, Peak:0.00M | Scene, ViewLayer | Updating Shaders
Fra:1 Mem:72.42M (Peak 75.04M) | Time:00:00.01 | Mem:0.00M, Peak:0.00M | Scene, ViewLayer | Updating Procedurals
Fra:1 Mem:72.42M (Peak 75.04M) | Time:00:00.01 | Mem:0.00M, Peak:0.00M | Scene, ViewLayer | Updating Background
Fra:1 Mem:72.42M (Peak 75.04M) | Time:00:00.01 | Mem:0.00M, Peak:0.00M | Scene, ViewLayer | Updating Camera
Fra:1 Mem:72.42M (Peak 75.04M) | Time:00:00.01 | Mem:0.00M, Peak:0.00M | Scene, ViewLayer | Updating Meshes Flags
Fra:1 Mem:72.42M (Peak 75.04M) | Time:00:00.01 | Mem:0.00M, Peak:0.00M | Scene, ViewLayer | Updating Objects
Fra:1 Mem:72.42M (Peak 75.04M) | Time:00:00.01 | Mem:0.00M, Peak:0.00M | Scene, ViewLayer | Updating Objects | Copying Transformations to device
Fra:1 Mem:72.43M (Peak 75.04M) | Time:00:00.01 | Mem:0.02M, Peak:0.02M | Scene, ViewLayer | Updating Objects | Applying Static Transformations
Fra:1 Mem:72.43M (Peak 75.04M) | Time:00:00.01 | Mem:0.02M, Peak:0.02M | Scene, ViewLayer | Updating Particle Systems
Fra:1 Mem:72.43M (Peak 75.04M) | Time:00:00.01 | Mem:0.02M, Peak:0.02M | Scene, ViewLayer | Updating Particle Systems | Copying Particles to device
Fra:1 Mem:72.43M (Peak 75.04M) | Time:00:00.01 | Mem:0.02M, Peak:0.02M | Scene, ViewLayer | Updating Meshes
Fra:1 Mem:77.81M (Peak 77.81M) | Time:00:00.01 | Mem:0.02M, Peak:0.02M | Scene, ViewLayer | Updating Mesh | Computing attributes
Fra:1 Mem:80.83M (Peak 80.83M) | Time:00:00.01 | Mem:0.02M, Peak:0.02M | Scene, ViewLayer | Updating Mesh | Copying Attributes to device
Fra:1 Mem:80.82M (Peak 80.83M) | Time:00:00.01 | Mem:3.03M, Peak:3.03M | Scene, ViewLayer | Updating Scene BVH | Building
Fra:1 Mem:80.82M (Peak 80.83M) | Time:00:00.01 | Mem:3.03M, Peak:3.03M | Scene, ViewLayer | Updating Scene BVH | Building BVH
Fra:1 Mem:80.82M (Peak 80.83M) | Time:00:00.01 | Mem:13.78M, Peak:13.78M | Scene, ViewLayer | Updating Scene BVH | Building BVH 0%
Fra:1 Mem:80.82M (Peak 80.83M) | Time:00:00.03 | Mem:25.48M, Peak:36.24M | Scene, ViewLayer | Updating Scene BVH | Copying BVH to device
Fra:1 Mem:80.82M (Peak 80.83M) | Time:00:00.03 | Mem:25.48M, Peak:36.24M | Scene, ViewLayer | Updating Mesh | Computing normals
Fra:1 Mem:95.56M (Peak 95.56M) | Time:00:00.04 | Mem:25.48M, Peak:36.24M | Scene, ViewLayer | Updating Mesh | Copying Mesh to device
Fra:1 Mem:95.56M (Peak 95.56M) | Time:00:00.04 | Mem:40.23M, Peak:40.23M | Scene, ViewLayer | Updating Objects Flags
Fra:1 Mem:95.56M (Peak 95.56M) | Time:00:00.04 | Mem:40.23M, Peak:40.23M | Scene, ViewLayer | Updating Primitive Offsets
Fra:1 Mem:95.56M (Peak 95.56M) | Time:00:00.04 | Mem:40.23M, Peak:40.23M | Scene, ViewLayer | Updating Images
Fra:1 Mem:95.56M (Peak 95.56M) | Time:00:00.04 | Mem:40.23M, Peak:40.23M | Scene, ViewLayer | Updating Camera Volume
Fra:1 Mem:95.56M (Peak 95.56M) | Time:00:00.04 | Mem:40.23M, Peak:40.23M | Scene, ViewLayer | Updating Lookup Tables
Fra:1 Mem:95.56M (Peak 95.56M) | Time:00:00.04 | Mem:40.31M, Peak:40.31M | Scene, ViewLayer | Updating Lights
Fra:1 Mem:95.56M (Peak 95.56M) | Time:00:00.04 | Mem:40.31M, Peak:40.31M | Scene, ViewLayer | Updating Lights | Computing tree
Fra:1 Mem:95.57M (Peak 95.57M) | Time:00:00.04 | Mem:40.31M, Peak:40.31M | Scene, ViewLayer | Updating Integrator
Fra:1 Mem:95.57M (Peak 95.57M) | Time:00:00.04 | Mem:40.31M, Peak:40.31M | Scene, ViewLayer | Updating Film
Fra:1 Mem:95.57M (Peak 95.57M) | Time:00:00.04 | Mem:40.23M, Peak:40.31M | Scene, ViewLayer | Updating Lookup Tables
Fra:1 Mem:95.57M (Peak 95.57M) | Time:00:00.04 | Mem:40.31M, Peak:40.31M | Scene, ViewLayer | Updating Baking
Fra:1 Mem:95.57M (Peak 95.57M) | Time:00:00.04 | Mem:40.31M, Peak:40.31M | Scene, ViewLayer | Updating Device | Writing constant memory
Fra:1 Mem:95.57M (Peak 95.57M) | Time:00:00.04 | Mem:40.31M, Peak:40.31M | Scene, ViewLayer | Loading denoising kernels (may take a few minutes the first time)
Fra:1 Mem:95.57M (Peak 95.57M) | Time:00:00.04 | Mem:40.31M, Peak:40.31M | Scene, ViewLayer | Sample 0/40
Fra:1 Mem:278.64M (Peak 278.64M) | Time:00:00.18 | Remaining:00:05.76 | Mem:222.96M, Peak:222.96M | Scene, ViewLayer | Sample 1/40
Fra:1 Mem:355.54M (Peak 470.90M) | Time:00:08.77 | Mem:222.96M, Peak:222.96M | Scene, ViewLayer | Sample 40/40
Fra:1 Mem:355.54M (Peak 470.90M) | Time:00:08.77 | Mem:222.96M, Peak:222.96M | Scene, ViewLayer | Finished
Saved: 'C:\nikon_cage_cad\renders\r2\05_exploded.png'
Time: 00:09.00 (Saving: 00:00.21)

RENDER 06_with_grip
Fra:1 Mem:57.02M (Peak 57.02M) | Time:00:00.00 | Mem:0.00M, Peak:0.00M | Scene, ViewLayer | Synchronizing object | left_top_clamp_screw
Fra:1 Mem:57.02M (Peak 57.02M) | Time:00:00.00 | Mem:0.00M, Peak:0.00M | Scene, ViewLayer | Synchronizing object | right_top_retainer
Fra:1 Mem:57.06M (Peak 57.06M) | Time:00:00.00 | Mem:0.00M, Peak:0.00M | Scene, ViewLayer | Synchronizing object | top_NATO_stop_25
Fra:1 Mem:57.16M (Peak 57.16M) | Time:00:00.00 | Mem:0.00M, Peak:0.00M | Scene, ViewLayer | Synchronizing object | baseplate
Fra:1 Mem:57.17M (Peak 57.17M) | Time:00:00.00 | Mem:0.00M, Peak:0.00M | Scene, ViewLayer | Synchronizing object | cable_mount_clamp
Fra:1 Mem:57.18M (Peak 57.18M) | Time:00:00.00 | Mem:0.00M, Peak:0.00M | Scene, ViewLayer | Synchronizing object | cable_mount
Fra:1 Mem:58.76M (Peak 58.76M) | Time:00:00.00 | Mem:0.00M, Peak:0.00M | Scene, ViewLayer | Synchronizing object | cable_carrier_M4_-95
Fra:1 Mem:59.21M (Peak 59.21M) | Time:00:00.00 | Mem:0.00M, Peak:0.00M | Scene, ViewLayer | Synchronizing object | cable_carrier_M4_-81
Fra:1 Mem:59.36M (Peak 59.36M) | Time:00:00.00 | Mem:0.00M, Peak:0.00M | Scene, ViewLayer | Synchronizing object | cable_pivot_plate
Fra:1 Mem:59.37M (Peak 59.37M) | Time:00:00.00 | Mem:0.00M, Peak:0.00M | Scene, ViewLayer | Synchronizing object | cable_lower_pad
Fra:1 Mem:59.37M (Peak 59.37M) | Time:00:00.00 | Mem:0.00M, Peak:0.00M | Scene, ViewLayer | Synchronizing object | cable_upper_pad
Fra:1 Mem:59.46M (Peak 59.46M) | Time:00:00.00 | Mem:0.00M, Peak:0.00M | Scene, ViewLayer | Synchronizing object | cable_thumbwheel
Fra:1 Mem:59.80M (Peak 59.80M) | Time:00:00.00 | Mem:0.00M, Peak:0.00M | Scene, ViewLayer | Synchronizing object | QD_socket_insert
Fra:1 Mem:60.66M (Peak 60.66M) | Time:00:00.00 | Mem:0.00M, Peak:0.00M | Scene, ViewLayer | Synchronizing object | QD_retention_71
Fra:1 Mem:60.92M (Peak 60.92M) | Time:00:00.00 | Mem:0.00M, Peak:0.00M | Scene, ViewLayer | Synchronizing object | QD_retention_89
Fra:1 Mem:61.78M (Peak 61.78M) | Time:00:00.00 | Mem:0.00M, Peak:0.00M | Scene, ViewLayer | Synchronizing object | lens_slider_-25
Fra:1 Mem:61.92M (Peak 61.92M) | Time:00:00.00 | Mem:0.00M, Peak:0.00M | Scene, ViewLayer | Synchronizing object | lens_slider_-9
Fra:1 Mem:63.90M (Peak 63.90M) | Time:00:00.00 | Mem:0.00M, Peak:0.00M | Scene, ViewLayer | Synchronizing object | lens_support_slider
Fra:1 Mem:63.63M (Peak 63.90M) | Time:00:00.00 | Mem:0.00M, Peak:0.00M | Scene, ViewLayer | Synchronizing object | lens_adapter_support
Fra:1 Mem:64.04M (Peak 64.04M) | Time:00:00.00 | Mem:0.00M, Peak:0.00M | Scene, ViewLayer | Synchronizing object | lens_support_lock
Fra:1 Mem:64.71M (Peak 64.71M) | Time:00:00.00 | Mem:0.00M, Peak:0.00M | Scene, ViewLayer | Synchronizing object | side_lug_bridge
Fra:1 Mem:65.17M (Peak 65.17M) | Time:00:00.00 | Mem:0.00M, Peak:0.00M | Scene, ViewLayer | Synchronizing object | side_bridge_clamp
Fra:1 Mem:65.96M (Peak 65.96M) | Time:00:00.00 | Mem:0.00M, Peak:0.00M | Scene, ViewLayer | Synchronizing object | grip_clamp_12
Fra:1 Mem:65.97M (Peak 65.97M) | Time:00:00.00 | Mem:0.00M, Peak:0.00M | Scene, ViewLayer | Synchronizing object | grip_clamp_57
Fra:1 Mem:66.94M (Peak 66.94M) | Time:00:00.00 | Mem:0.00M, Peak:0.00M | Scene, ViewLayer | Synchronizing object | grip_carrier
Fra:1 Mem:67.55M (Peak 67.55M) | Time:00:00.00 | Mem:0.00M, Peak:0.00M | Scene, ViewLayer | Synchronizing object | grip_retention_25
Fra:1 Mem:68.16M (Peak 68.16M) | Time:00:00.00 | Mem:0.00M, Peak:0.00M | Scene, ViewLayer | Synchronizing object | grip_retention_48
Fra:1 Mem:68.38M (Peak 68.38M) | Time:00:00.00 | Mem:0.00M, Peak:0.00M | Scene, ViewLayer | Synchronizing object | silicone_grip
Fra:1 Mem:77.75M (Peak 77.75M) | Time:00:00.01 | Mem:0.00M, Peak:0.00M | Scene, ViewLayer | Initializing
Fra:1 Mem:75.50M (Peak 77.75M) | Time:00:00.01 | Mem:0.00M, Peak:0.00M | Scene, ViewLayer | Waiting for render to start
Fra:1 Mem:75.50M (Peak 77.75M) | Time:00:00.01 | Mem:0.00M, Peak:0.00M | Scene, ViewLayer | Loading render kernels (may take a few minutes the first time)
Fra:1 Mem:75.50M (Peak 77.75M) | Time:00:00.01 | Mem:0.00M, Peak:0.00M | Scene, ViewLayer | Updating Scene
Fra:1 Mem:75.50M (Peak 77.75M) | Time:00:00.01 | Mem:0.00M, Peak:0.00M | Scene, ViewLayer | Updating Shaders
Fra:1 Mem:75.59M (Peak 77.75M) | Time:00:00.01 | Mem:0.00M, Peak:0.00M | Scene, ViewLayer | Updating Procedurals
Fra:1 Mem:75.59M (Peak 77.75M) | Time:00:00.01 | Mem:0.00M, Peak:0.00M | Scene, ViewLayer | Updating Background
Fra:1 Mem:75.59M (Peak 77.75M) | Time:00:00.01 | Mem:0.00M, Peak:0.00M | Scene, ViewLayer | Updating Camera
Fra:1 Mem:75.59M (Peak 77.75M) | Time:00:00.01 | Mem:0.00M, Peak:0.00M | Scene, ViewLayer | Updating Meshes Flags
Fra:1 Mem:75.59M (Peak 77.75M) | Time:00:00.01 | Mem:0.00M, Peak:0.00M | Scene, ViewLayer | Updating Objects
Fra:1 Mem:75.59M (Peak 77.75M) | Time:00:00.01 | Mem:0.00M, Peak:0.00M | Scene, ViewLayer | Updating Objects | Copying Transformations to device
Fra:1 Mem:75.60M (Peak 77.75M) | Time:00:00.01 | Mem:0.02M, Peak:0.02M | Scene, ViewLayer | Updating Objects | Applying Static Transformations
Fra:1 Mem:75.60M (Peak 77.75M) | Time:00:00.01 | Mem:0.02M, Peak:0.02M | Scene, ViewLayer | Updating Particle Systems
Fra:1 Mem:75.60M (Peak 77.75M) | Time:00:00.01 | Mem:0.02M, Peak:0.02M | Scene, ViewLayer | Updating Particle Systems | Copying Particles to device
Fra:1 Mem:75.60M (Peak 77.75M) | Time:00:00.01 | Mem:0.02M, Peak:0.02M | Scene, ViewLayer | Updating Meshes
Fra:1 Mem:81.44M (Peak 81.44M) | Time:00:00.01 | Mem:0.02M, Peak:0.02M | Scene, ViewLayer | Updating Mesh | Computing attributes
Fra:1 Mem:84.71M (Peak 84.71M) | Time:00:00.01 | Mem:0.02M, Peak:0.02M | Scene, ViewLayer | Updating Mesh | Copying Attributes to device
Fra:1 Mem:84.70M (Peak 84.71M) | Time:00:00.01 | Mem:3.29M, Peak:3.29M | Scene, ViewLayer | Updating Scene BVH | Building
Fra:1 Mem:84.70M (Peak 84.71M) | Time:00:00.01 | Mem:3.29M, Peak:3.29M | Scene, ViewLayer | Updating Scene BVH | Building BVH
Fra:1 Mem:84.70M (Peak 84.71M) | Time:00:00.01 | Mem:14.95M, Peak:14.95M | Scene, ViewLayer | Updating Scene BVH | Building BVH 0%
Fra:1 Mem:84.70M (Peak 84.71M) | Time:00:00.03 | Mem:27.64M, Peak:39.30M | Scene, ViewLayer | Updating Scene BVH | Copying BVH to device
Fra:1 Mem:84.70M (Peak 84.71M) | Time:00:00.03 | Mem:27.64M, Peak:39.30M | Scene, ViewLayer | Updating Mesh | Computing normals
Fra:1 Mem:100.70M (Peak 100.70M) | Time:00:00.03 | Mem:27.64M, Peak:39.30M | Scene, ViewLayer | Updating Mesh | Copying Mesh to device
Fra:1 Mem:100.70M (Peak 100.70M) | Time:00:00.03 | Mem:43.63M, Peak:43.63M | Scene, ViewLayer | Updating Objects Flags
Fra:1 Mem:100.70M (Peak 100.70M) | Time:00:00.03 | Mem:43.63M, Peak:43.63M | Scene, ViewLayer | Updating Primitive Offsets
Fra:1 Mem:100.70M (Peak 100.70M) | Time:00:00.03 | Mem:43.63M, Peak:43.63M | Scene, ViewLayer | Updating Images
Fra:1 Mem:100.70M (Peak 100.70M) | Time:00:00.03 | Mem:43.63M, Peak:43.63M | Scene, ViewLayer | Updating Camera Volume
Fra:1 Mem:100.70M (Peak 100.70M) | Time:00:00.03 | Mem:43.63M, Peak:43.63M | Scene, ViewLayer | Updating Lookup Tables
Fra:1 Mem:100.70M (Peak 100.70M) | Time:00:00.03 | Mem:43.71M, Peak:43.71M | Scene, ViewLayer | Updating Lights
Fra:1 Mem:100.70M (Peak 100.70M) | Time:00:00.03 | Mem:43.71M, Peak:43.71M | Scene, ViewLayer | Updating Lights | Computing tree
Fra:1 Mem:100.70M (Peak 100.70M) | Time:00:00.03 | Mem:43.71M, Peak:43.71M | Scene, ViewLayer | Updating Integrator
Fra:1 Mem:100.70M (Peak 100.70M) | Time:00:00.03 | Mem:43.71M, Peak:43.71M | Scene, ViewLayer | Updating Film
Fra:1 Mem:100.70M (Peak 100.70M) | Time:00:00.03 | Mem:43.63M, Peak:43.71M | Scene, ViewLayer | Updating Lookup Tables
Fra:1 Mem:100.70M (Peak 100.70M) | Time:00:00.03 | Mem:43.72M, Peak:43.72M | Scene, ViewLayer | Updating Baking
Fra:1 Mem:100.70M (Peak 100.70M) | Time:00:00.03 | Mem:43.72M, Peak:43.72M | Scene, ViewLayer | Updating Device | Writing constant memory
Fra:1 Mem:100.70M (Peak 100.70M) | Time:00:00.03 | Mem:43.72M, Peak:43.72M | Scene, ViewLayer | Loading denoising kernels (may take a few minutes the first time)
Fra:1 Mem:100.70M (Peak 100.70M) | Time:00:00.03 | Mem:43.72M, Peak:43.72M | Scene, ViewLayer | Sample 0/40
Fra:1 Mem:283.77M (Peak 283.77M) | Time:00:00.44 | Remaining:00:15.97 | Mem:226.36M, Peak:226.36M | Scene, ViewLayer | Sample 1/40
Fra:1 Mem:360.68M (Peak 476.03M) | Time:00:19.95 | Mem:226.36M, Peak:226.36M | Scene, ViewLayer | Sample 40/40
Fra:1 Mem:360.68M (Peak 476.03M) | Time:00:19.95 | Mem:226.36M, Peak:226.36M | Scene, ViewLayer | Finished
Saved: 'C:\nikon_cage_cad\renders\r2\06_with_grip.png'
Time: 00:20.21 (Saving: 00:00.24)

RENDER 07_bottom
Fra:1 Mem:58.02M (Peak 58.02M) | Time:00:00.00 | Mem:0.00M, Peak:0.00M | Scene, ViewLayer | Synchronizing object | left_top_clamp_screw
Fra:1 Mem:58.02M (Peak 58.02M) | Time:00:00.00 | Mem:0.00M, Peak:0.00M | Scene, ViewLayer | Synchronizing object | left_top_axial_screw
Fra:1 Mem:58.02M (Peak 58.02M) | Time:00:00.00 | Mem:0.00M, Peak:0.00M | Scene, ViewLayer | Synchronizing object | right_top_retainer
Fra:1 Mem:58.10M (Peak 58.10M) | Time:00:00.00 | Mem:0.00M, Peak:0.00M | Scene, ViewLayer | Synchronizing object | pad_-48_-16
Fra:1 Mem:58.22M (Peak 58.22M) | Time:00:00.00 | Mem:0.00M, Peak:0.00M | Scene, ViewLayer | Synchronizing object | magnetic_multitool
Fra:1 Mem:58.53M (Peak 58.53M) | Time:00:00.00 | Mem:0.00M, Peak:0.00M | Scene, ViewLayer | Synchronizing object | camera_anti_twist_pin
Fra:1 Mem:58.59M (Peak 58.59M) | Time:00:00.00 | Mem:0.00M, Peak:0.00M | Scene, ViewLayer | Synchronizing object | side_rail_clamp_70
Fra:1 Mem:58.72M (Peak 58.72M) | Time:00:00.00 | Mem:0.00M, Peak:0.00M | Scene, ViewLayer | Synchronizing object | side_NATO_stop_71
Fra:1 Mem:58.87M (Peak 58.87M) | Time:00:00.00 | Mem:0.00M, Peak:0.00M | Scene, ViewLayer | Synchronizing object | cable_carrier_M4_-95
Fra:1 Mem:58.97M (Peak 58.97M) | Time:00:00.00 | Mem:0.00M, Peak:0.00M | Scene, ViewLayer | Synchronizing object | cable_carrier_M4_-81
Fra:1 Mem:59.01M (Peak 59.01M) | Time:00:00.00 | Mem:0.00M, Peak:0.00M | Scene, ViewLayer | Synchronizing object | cable_pivot_plate
Fra:1 Mem:59.42M (Peak 59.42M) | Time:00:00.00 | Mem:0.00M, Peak:0.00M | Scene, ViewLayer | Synchronizing object | cable_swing_frame
Fra:1 Mem:59.59M (Peak 59.59M) | Time:00:00.00 | Mem:0.00M, Peak:0.00M | Scene, ViewLayer | Synchronizing object | cable_upper_pad
Fra:1 Mem:59.59M (Peak 59.59M) | Time:00:00.00 | Mem:0.00M, Peak:0.00M | Scene, ViewLayer | Synchronizing object | cable_thumbwheel
Fra:1 Mem:59.90M (Peak 59.90M) | Time:00:00.00 | Mem:0.00M, Peak:0.00M | Scene, ViewLayer | Synchronizing object | QD_socket_insert
Fra:1 Mem:60.36M (Peak 60.36M) | Time:00:00.00 | Mem:0.00M, Peak:0.00M | Scene, ViewLayer | Synchronizing object | QD_retention_71
Fra:1 Mem:60.99M (Peak 60.99M) | Time:00:00.00 | Mem:0.00M, Peak:0.00M | Scene, ViewLayer | Synchronizing object | QD_retention_89
Fra:1 Mem:61.31M (Peak 61.31M) | Time:00:00.00 | Mem:0.00M, Peak:0.00M | Scene, ViewLayer | Synchronizing object | lens_slider_-25
Fra:1 Mem:61.31M (Peak 61.31M) | Time:00:00.00 | Mem:0.00M, Peak:0.00M | Scene, ViewLayer | Synchronizing object | lens_slider_-9
Fra:1 Mem:61.35M (Peak 61.35M) | Time:00:00.00 | Mem:0.00M, Peak:0.00M | Scene, ViewLayer | Synchronizing object | lens_support_slider
Fra:1 Mem:61.48M (Peak 61.48M) | Time:00:00.00 | Mem:0.00M, Peak:0.00M | Scene, ViewLayer | Synchronizing object | lens_adapter_support
Fra:1 Mem:61.59M (Peak 61.59M) | Time:00:00.00 | Mem:0.00M, Peak:0.00M | Scene, ViewLayer | Synchronizing object | side_lug_bridge
Fra:1 Mem:61.48M (Peak 61.59M) | Time:00:00.00 | Mem:0.00M, Peak:0.00M | Scene, ViewLayer | Synchronizing object | side_bridge_clamp
Fra:1 Mem:75.77M (Peak 75.77M) | Time:00:00.00 | Mem:0.00M, Peak:0.00M | Scene, ViewLayer | Initializing
Fra:1 Mem:73.81M (Peak 75.77M) | Time:00:00.00 | Mem:0.00M, Peak:0.00M | Scene, ViewLayer | Waiting for render to start
Fra:1 Mem:73.81M (Peak 75.77M) | Time:00:00.00 | Mem:0.00M, Peak:0.00M | Scene, ViewLayer | Loading render kernels (may take a few minutes the first time)
Fra:1 Mem:73.81M (Peak 75.77M) | Time:00:00.00 | Mem:0.00M, Peak:0.00M | Scene, ViewLayer | Updating Scene
Fra:1 Mem:73.81M (Peak 75.77M) | Time:00:00.00 | Mem:0.00M, Peak:0.00M | Scene, ViewLayer | Updating Shaders
Fra:1 Mem:73.89M (Peak 75.77M) | Time:00:00.00 | Mem:0.00M, Peak:0.00M | Scene, ViewLayer | Updating Procedurals
Fra:1 Mem:73.89M (Peak 75.77M) | Time:00:00.00 | Mem:0.00M, Peak:0.00M | Scene, ViewLayer | Updating Background
Fra:1 Mem:73.89M (Peak 75.77M) | Time:00:00.00 | Mem:0.00M, Peak:0.00M | Scene, ViewLayer | Updating Camera
Fra:1 Mem:73.89M (Peak 75.77M) | Time:00:00.00 | Mem:0.00M, Peak:0.00M | Scene, ViewLayer | Updating Meshes Flags
Fra:1 Mem:73.89M (Peak 75.77M) | Time:00:00.00 | Mem:0.00M, Peak:0.00M | Scene, ViewLayer | Updating Objects
Fra:1 Mem:73.89M (Peak 75.77M) | Time:00:00.00 | Mem:0.00M, Peak:0.00M | Scene, ViewLayer | Updating Objects | Copying Transformations to device
Fra:1 Mem:73.91M (Peak 75.77M) | Time:00:00.00 | Mem:0.02M, Peak:0.02M | Scene, ViewLayer | Updating Objects | Applying Static Transformations
Fra:1 Mem:73.91M (Peak 75.77M) | Time:00:00.00 | Mem:0.02M, Peak:0.02M | Scene, ViewLayer | Updating Particle Systems
Fra:1 Mem:73.91M (Peak 75.77M) | Time:00:00.00 | Mem:0.02M, Peak:0.02M | Scene, ViewLayer | Updating Particle Systems | Copying Particles to device
Fra:1 Mem:73.91M (Peak 75.77M) | Time:00:00.00 | Mem:0.02M, Peak:0.02M | Scene, ViewLayer | Updating Meshes
Fra:1 Mem:79.29M (Peak 79.29M) | Time:00:00.01 | Mem:0.02M, Peak:0.02M | Scene, ViewLayer | Updating Mesh | Computing attributes
Fra:1 Mem:82.30M (Peak 82.30M) | Time:00:00.01 | Mem:0.02M, Peak:0.02M | Scene, ViewLayer | Updating Mesh | Copying Attributes to device
Fra:1 Mem:82.30M (Peak 82.30M) | Time:00:00.01 | Mem:3.03M, Peak:3.03M | Scene, ViewLayer | Updating Scene BVH | Building
Fra:1 Mem:82.30M (Peak 82.30M) | Time:00:00.01 | Mem:3.03M, Peak:3.03M | Scene, ViewLayer | Updating Scene BVH | Building BVH
Fra:1 Mem:82.30M (Peak 82.30M) | Time:00:00.01 | Mem:13.78M, Peak:13.78M | Scene, ViewLayer | Updating Scene BVH | Building BVH 0%
Fra:1 Mem:82.30M (Peak 82.30M) | Time:00:00.02 | Mem:25.48M, Peak:36.24M | Scene, ViewLayer | Updating Scene BVH | Copying BVH to device
Fra:1 Mem:82.30M (Peak 82.30M) | Time:00:00.02 | Mem:25.48M, Peak:36.24M | Scene, ViewLayer | Updating Mesh | Computing normals
Fra:1 Mem:97.04M (Peak 97.04M) | Time:00:00.03 | Mem:25.48M, Peak:36.24M | Scene, ViewLayer | Updating Mesh | Copying Mesh to device
Fra:1 Mem:97.04M (Peak 97.04M) | Time:00:00.03 | Mem:40.23M, Peak:40.23M | Scene, ViewLayer | Updating Objects Flags
Fra:1 Mem:97.04M (Peak 97.04M) | Time:00:00.03 | Mem:40.23M, Peak:40.23M | Scene, ViewLayer | Updating Primitive Offsets
Fra:1 Mem:97.04M (Peak 97.04M) | Time:00:00.03 | Mem:40.23M, Peak:40.23M | Scene, ViewLayer | Updating Images
Fra:1 Mem:97.04M (Peak 97.04M) | Time:00:00.03 | Mem:40.23M, Peak:40.23M | Scene, ViewLayer | Updating Camera Volume
Fra:1 Mem:97.04M (Peak 97.04M) | Time:00:00.03 | Mem:40.23M, Peak:40.23M | Scene, ViewLayer | Updating Lookup Tables
Fra:1 Mem:97.04M (Peak 97.04M) | Time:00:00.03 | Mem:40.31M, Peak:40.31M | Scene, ViewLayer | Updating Lights
Fra:1 Mem:97.04M (Peak 97.04M) | Time:00:00.03 | Mem:40.31M, Peak:40.31M | Scene, ViewLayer | Updating Lights | Computing tree
Fra:1 Mem:97.04M (Peak 97.04M) | Time:00:00.03 | Mem:40.31M, Peak:40.31M | Scene, ViewLayer | Updating Integrator
Fra:1 Mem:97.04M (Peak 97.04M) | Time:00:00.03 | Mem:40.31M, Peak:40.31M | Scene, ViewLayer | Updating Film
Fra:1 Mem:97.04M (Peak 97.04M) | Time:00:00.03 | Mem:40.23M, Peak:40.31M | Scene, ViewLayer | Updating Lookup Tables
Fra:1 Mem:97.04M (Peak 97.04M) | Time:00:00.03 | Mem:40.31M, Peak:40.31M | Scene, ViewLayer | Updating Baking
Fra:1 Mem:97.04M (Peak 97.04M) | Time:00:00.03 | Mem:40.31M, Peak:40.31M | Scene, ViewLayer | Updating Device | Writing constant memory
Fra:1 Mem:97.05M (Peak 97.05M) | Time:00:00.03 | Mem:40.31M, Peak:40.31M | Scene, ViewLayer | Loading denoising kernels (may take a few minutes the first time)
Fra:1 Mem:97.05M (Peak 97.05M) | Time:00:00.03 | Mem:40.31M, Peak:40.31M | Scene, ViewLayer | Sample 0/40
Fra:1 Mem:280.11M (Peak 280.11M) | Time:00:00.21 | Remaining:00:07.26 | Mem:222.96M, Peak:222.96M | Scene, ViewLayer | Sample 1/40
Fra:1 Mem:357.02M (Peak 472.38M) | Time:00:10.47 | Mem:222.96M, Peak:222.96M | Scene, ViewLayer | Sample 40/40
Fra:1 Mem:357.02M (Peak 472.38M) | Time:00:10.47 | Mem:222.96M, Peak:222.96M | Scene, ViewLayer | Finished
Saved: 'C:\nikon_cage_cad\renders\r2\07_bottom.png'
Time: 00:10.71 (Saving: 00:00.21)

RENDER 08_access_study
Fra:1 Mem:59.11M (Peak 59.11M) | Time:00:00.00 | Mem:0.00M, Peak:0.00M | Scene, ViewLayer | Synchronizing object | left_top_clamp_screw
Fra:1 Mem:59.11M (Peak 59.11M) | Time:00:00.00 | Mem:0.00M, Peak:0.00M | Scene, ViewLayer | Synchronizing object | left_base_axial_screw
Fra:1 Mem:59.17M (Peak 59.17M) | Time:00:00.00 | Mem:0.00M, Peak:0.00M | Scene, ViewLayer | Synchronizing object | top_NATO_stop_-25
Fra:1 Mem:59.22M (Peak 59.22M) | Time:00:00.00 | Mem:0.00M, Peak:0.00M | Scene, ViewLayer | Synchronizing object | pad_-7_16
Fra:1 Mem:59.29M (Peak 59.29M) | Time:00:00.00 | Mem:0.00M, Peak:0.00M | Scene, ViewLayer | Synchronizing object | camera_anti_twist_pin
Fra:1 Mem:59.29M (Peak 59.29M) | Time:00:00.00 | Mem:0.00M, Peak:0.00M | Scene, ViewLayer | Synchronizing object | side_rail_clamp_22
Fra:1 Mem:59.31M (Peak 59.31M) | Time:00:00.00 | Mem:0.00M, Peak:0.00M | Scene, ViewLayer | Synchronizing object | left_NATO_carrier
Fra:1 Mem:59.38M (Peak 59.38M) | Time:00:00.00 | Mem:0.00M, Peak:0.00M | Scene, ViewLayer | Synchronizing object | cable_carrier_M4_-95
Fra:1 Mem:59.66M (Peak 59.66M) | Time:00:00.00 | Mem:0.00M, Peak:0.00M | Scene, ViewLayer | Synchronizing object | cable_carrier_M4_-81
Fra:1 Mem:59.81M (Peak 59.81M) | Time:00:00.00 | Mem:0.00M, Peak:0.00M | Scene, ViewLayer | Synchronizing object | cable_pivot_plate
Fra:1 Mem:59.83M (Peak 59.83M) | Time:00:00.00 | Mem:0.00M, Peak:0.00M | Scene, ViewLayer | Synchronizing object | cable_thumbwheel
Fra:1 Mem:60.12M (Peak 60.12M) | Time:00:00.00 | Mem:0.00M, Peak:0.00M | Scene, ViewLayer | Synchronizing object | door_open_proxy
Fra:1 Mem:60.62M (Peak 60.62M) | Time:00:00.00 | Mem:0.00M, Peak:0.00M | Scene, ViewLayer | Synchronizing object | QD_socket_insert
Fra:1 Mem:61.33M (Peak 61.33M) | Time:00:00.00 | Mem:0.00M, Peak:0.00M | Scene, ViewLayer | Synchronizing object | QD_retention_71
Fra:1 Mem:61.50M (Peak 61.50M) | Time:00:00.00 | Mem:0.00M, Peak:0.00M | Scene, ViewLayer | Synchronizing object | lens_slider_-9
Fra:1 Mem:61.51M (Peak 61.51M) | Time:00:00.00 | Mem:0.00M, Peak:0.00M | Scene, ViewLayer | Synchronizing object | lens_support_slider
Fra:1 Mem:61.55M (Peak 61.55M) | Time:00:00.00 | Mem:0.00M, Peak:0.00M | Scene, ViewLayer | Synchronizing object | lens_adapter_support
Fra:1 Mem:63.41M (Peak 64.11M) | Time:00:00.00 | Mem:0.00M, Peak:0.00M | Scene, ViewLayer | Synchronizing object | lens_support_lock
Fra:1 Mem:65.62M (Peak 65.62M) | Time:00:00.00 | Mem:0.00M, Peak:0.00M | Scene, ViewLayer | Synchronizing object | side_bridge_clamp
Fra:1 Mem:65.80M (Peak 65.80M) | Time:00:00.00 | Mem:0.00M, Peak:0.00M | Scene, ViewLayer | Synchronizing object | M2_5_lug_fastener
Fra:1 Mem:67.45M (Peak 67.45M) | Time:00:00.00 | Mem:0.00M, Peak:0.00M | Scene, ViewLayer | Synchronizing object | camera_lens_mount_proxy
Fra:1 Mem:67.45M (Peak 67.45M) | Time:00:00.00 | Mem:0.00M, Peak:0.00M | Scene, ViewLayer | Synchronizing object | camera_body_cap_proxy
Fra:1 Mem:68.45M (Peak 68.45M) | Time:00:00.00 | Mem:0.00M, Peak:0.00M | Scene, ViewLayer | Synchronizing object | camera_button_31
Fra:1 Mem:69.14M (Peak 69.14M) | Time:00:00.00 | Mem:0.00M, Peak:0.00M | Scene, ViewLayer | Synchronizing object | camera_button_59
Fra:1 Mem:69.87M (Peak 69.87M) | Time:00:00.00 | Mem:0.00M, Peak:0.00M | Scene, ViewLayer | Synchronizing object | camera_button_46
Fra:1 Mem:70.90M (Peak 70.90M) | Time:00:00.00 | Mem:0.00M, Peak:0.00M | Scene, ViewLayer | Synchronizing object | camera_top_button_36
Fra:1 Mem:70.80M (Peak 70.90M) | Time:00:00.00 | Mem:0.00M, Peak:0.00M | Scene, ViewLayer | Synchronizing object | camera_top_button_15
Fra:1 Mem:71.05M (Peak 71.05M) | Time:00:00.00 | Mem:0.00M, Peak:0.00M | Scene, ViewLayer | Synchronizing object | camera_rec_button
Fra:1 Mem:71.05M (Peak 71.05M) | Time:00:00.00 | Mem:0.00M, Peak:0.00M | Scene, ViewLayer | Synchronizing object | camera_accessory_shoe
Fra:1 Mem:79.14M (Peak 79.44M) | Time:00:00.01 | Mem:0.00M, Peak:0.00M | Scene, ViewLayer | Initializing
Fra:1 Mem:76.62M (Peak 79.44M) | Time:00:00.01 | Mem:0.00M, Peak:0.00M | Scene, ViewLayer | Waiting for render to start
Fra:1 Mem:76.62M (Peak 79.44M) | Time:00:00.01 | Mem:0.00M, Peak:0.00M | Scene, ViewLayer | Loading render kernels (may take a few minutes the first time)
Fra:1 Mem:76.62M (Peak 79.44M) | Time:00:00.01 | Mem:0.00M, Peak:0.00M | Scene, ViewLayer | Updating Scene
Fra:1 Mem:76.62M (Peak 79.44M) | Time:00:00.01 | Mem:0.00M, Peak:0.00M | Scene, ViewLayer | Updating Shaders
Fra:1 Mem:76.71M (Peak 79.44M) | Time:00:00.01 | Mem:0.01M, Peak:0.01M | Scene, ViewLayer | Updating Procedurals
Fra:1 Mem:76.71M (Peak 79.44M) | Time:00:00.01 | Mem:0.01M, Peak:0.01M | Scene, ViewLayer | Updating Background
Fra:1 Mem:76.71M (Peak 79.44M) | Time:00:00.01 | Mem:0.01M, Peak:0.01M | Scene, ViewLayer | Updating Camera
Fra:1 Mem:76.71M (Peak 79.44M) | Time:00:00.01 | Mem:0.01M, Peak:0.01M | Scene, ViewLayer | Updating Meshes Flags
Fra:1 Mem:76.71M (Peak 79.44M) | Time:00:00.01 | Mem:0.01M, Peak:0.01M | Scene, ViewLayer | Updating Objects
Fra:1 Mem:76.71M (Peak 79.44M) | Time:00:00.01 | Mem:0.01M, Peak:0.01M | Scene, ViewLayer | Updating Objects | Copying Transformations to device
Fra:1 Mem:76.72M (Peak 79.44M) | Time:00:00.01 | Mem:0.02M, Peak:0.02M | Scene, ViewLayer | Updating Objects | Applying Static Transformations
Fra:1 Mem:76.72M (Peak 79.44M) | Time:00:00.01 | Mem:0.02M, Peak:0.02M | Scene, ViewLayer | Updating Particle Systems
Fra:1 Mem:76.72M (Peak 79.44M) | Time:00:00.01 | Mem:0.02M, Peak:0.02M | Scene, ViewLayer | Updating Particle Systems | Copying Particles to device
Fra:1 Mem:76.72M (Peak 79.44M) | Time:00:00.01 | Mem:0.02M, Peak:0.02M | Scene, ViewLayer | Updating Meshes
Fra:1 Mem:82.64M (Peak 82.64M) | Time:00:00.01 | Mem:0.02M, Peak:0.02M | Scene, ViewLayer | Updating Mesh | Computing attributes
Fra:1 Mem:85.93M (Peak 85.93M) | Time:00:00.01 | Mem:0.03M, Peak:0.03M | Scene, ViewLayer | Updating Mesh | Copying Attributes to device
Fra:1 Mem:85.92M (Peak 85.93M) | Time:00:00.01 | Mem:3.31M, Peak:3.31M | Scene, ViewLayer | Updating Scene BVH | Building
Fra:1 Mem:85.92M (Peak 85.93M) | Time:00:00.01 | Mem:3.31M, Peak:3.31M | Scene, ViewLayer | Updating Scene BVH | Building BVH
Fra:1 Mem:85.92M (Peak 85.93M) | Time:00:00.01 | Mem:15.13M, Peak:15.13M | Scene, ViewLayer | Updating Scene BVH | Building BVH 0%
Fra:1 Mem:85.92M (Peak 85.93M) | Time:00:00.03 | Mem:28.00M, Peak:39.82M | Scene, ViewLayer | Updating Scene BVH | Copying BVH to device
Fra:1 Mem:85.92M (Peak 85.93M) | Time:00:00.03 | Mem:28.00M, Peak:39.82M | Scene, ViewLayer | Updating Mesh | Computing normals
Fra:1 Mem:102.06M (Peak 102.06M) | Time:00:00.04 | Mem:28.00M, Peak:39.82M | Scene, ViewLayer | Updating Mesh | Copying Mesh to device
Fra:1 Mem:102.06M (Peak 102.06M) | Time:00:00.04 | Mem:44.14M, Peak:44.14M | Scene, ViewLayer | Updating Objects Flags
Fra:1 Mem:102.06M (Peak 102.06M) | Time:00:00.04 | Mem:44.14M, Peak:44.14M | Scene, ViewLayer | Updating Primitive Offsets
Fra:1 Mem:102.06M (Peak 102.06M) | Time:00:00.04 | Mem:44.14M, Peak:44.14M | Scene, ViewLayer | Updating Images
Fra:1 Mem:102.06M (Peak 102.06M) | Time:00:00.04 | Mem:44.14M, Peak:44.14M | Scene, ViewLayer | Updating Camera Volume
Fra:1 Mem:102.06M (Peak 102.06M) | Time:00:00.04 | Mem:44.14M, Peak:44.14M | Scene, ViewLayer | Updating Lookup Tables
Fra:1 Mem:102.06M (Peak 102.06M) | Time:00:00.04 | Mem:44.22M, Peak:44.22M | Scene, ViewLayer | Updating Lights
Fra:1 Mem:102.07M (Peak 102.07M) | Time:00:00.04 | Mem:44.22M, Peak:44.22M | Scene, ViewLayer | Updating Lights | Computing tree
Fra:1 Mem:102.07M (Peak 102.07M) | Time:00:00.04 | Mem:44.22M, Peak:44.22M | Scene, ViewLayer | Updating Integrator
Fra:1 Mem:102.07M (Peak 102.07M) | Time:00:00.04 | Mem:44.22M, Peak:44.22M | Scene, ViewLayer | Updating Film
Fra:1 Mem:102.07M (Peak 102.07M) | Time:00:00.04 | Mem:44.14M, Peak:44.22M | Scene, ViewLayer | Updating Lookup Tables
Fra:1 Mem:102.07M (Peak 102.07M) | Time:00:00.04 | Mem:44.23M, Peak:44.23M | Scene, ViewLayer | Updating Baking
Fra:1 Mem:102.07M (Peak 102.07M) | Time:00:00.04 | Mem:44.23M, Peak:44.23M | Scene, ViewLayer | Updating Device | Writing constant memory
Fra:1 Mem:102.07M (Peak 102.07M) | Time:00:00.04 | Mem:44.23M, Peak:44.23M | Scene, ViewLayer | Loading denoising kernels (may take a few minutes the first time)
Fra:1 Mem:102.07M (Peak 102.07M) | Time:00:00.04 | Mem:44.23M, Peak:44.23M | Scene, ViewLayer | Sample 0/40
Fra:1 Mem:285.14M (Peak 285.14M) | Time:00:00.25 | Remaining:00:08.27 | Mem:226.87M, Peak:226.87M | Scene, ViewLayer | Sample 1/40
Fra:1 Mem:362.04M (Peak 477.40M) | Time:00:11.72 | Mem:226.87M, Peak:226.87M | Scene, ViewLayer | Sample 40/40
Fra:1 Mem:362.04M (Peak 477.40M) | Time:00:11.72 | Mem:226.87M, Peak:226.87M | Scene, ViewLayer | Finished
Saved: 'C:\nikon_cage_cad\renders\r2\08_access_study.png'
Time: 00:11.95 (Saving: 00:00.21)

RENDER 09_front
Fra:1 Mem:58.63M (Peak 58.63M) | Time:00:00.00 | Mem:0.00M, Peak:0.00M | Scene, ViewLayer | Synchronizing object | left_top_clamp_screw
Fra:1 Mem:58.64M (Peak 58.64M) | Time:00:00.00 | Mem:0.00M, Peak:0.00M | Scene, ViewLayer | Synchronizing object | left_top_retainer
Fra:1 Mem:58.73M (Peak 58.73M) | Time:00:00.00 | Mem:0.00M, Peak:0.00M | Scene, ViewLayer | Synchronizing object | right_top_retainer
Fra:1 Mem:58.76M (Peak 58.76M) | Time:00:00.00 | Mem:0.00M, Peak:0.00M | Scene, ViewLayer | Synchronizing object | magnetic_multitool
Fra:1 Mem:58.81M (Peak 58.81M) | Time:00:00.00 | Mem:0.00M, Peak:0.00M | Scene, ViewLayer | Synchronizing object | baseplate
Fra:1 Mem:59.03M (Peak 59.03M) | Time:00:00.00 | Mem:0.00M, Peak:0.00M | Scene, ViewLayer | Synchronizing object | camera_tie_down
Fra:1 Mem:59.21M (Peak 59.21M) | Time:00:00.00 | Mem:0.00M, Peak:0.00M | Scene, ViewLayer | Synchronizing object | cold_shoe_screw_-12
Fra:1 Mem:59.70M (Peak 59.70M) | Time:00:00.00 | Mem:0.00M, Peak:0.00M | Scene, ViewLayer | Synchronizing object | side_NATO_stop_29
Fra:1 Mem:59.70M (Peak 59.70M) | Time:00:00.00 | Mem:0.00M, Peak:0.00M | Scene, ViewLayer | Synchronizing object | left_NATO_carrier
Fra:1 Mem:59.74M (Peak 59.74M) | Time:00:00.00 | Mem:0.00M, Peak:0.00M | Scene, ViewLayer | Synchronizing object | cable_mount
Fra:1 Mem:60.05M (Peak 60.05M) | Time:00:00.00 | Mem:0.00M, Peak:0.00M | Scene, ViewLayer | Synchronizing object | cable_carrier_M4_-81
Fra:1 Mem:60.45M (Peak 60.45M) | Time:00:00.00 | Mem:0.00M, Peak:0.00M | Scene, ViewLayer | Synchronizing object | cable_lower_pad
Fra:1 Mem:60.59M (Peak 60.59M) | Time:00:00.00 | Mem:0.00M, Peak:0.00M | Scene, ViewLayer | Synchronizing object | cable_upper_pad
Fra:1 Mem:61.57M (Peak 61.57M) | Time:00:00.00 | Mem:0.00M, Peak:0.00M | Scene, ViewLayer | Synchronizing object | cable_thumbwheel
Fra:1 Mem:62.27M (Peak 62.27M) | Time:00:00.00 | Mem:0.00M, Peak:0.00M | Scene, ViewLayer | Synchronizing object | QD_retention_71
Fra:1 Mem:62.42M (Peak 62.42M) | Time:00:00.00 | Mem:0.00M, Peak:0.00M | Scene, ViewLayer | Synchronizing object | QD_retention_89
Fra:1 Mem:62.67M (Peak 62.67M) | Time:00:00.00 | Mem:0.00M, Peak:0.00M | Scene, ViewLayer | Synchronizing object | M2_5_lug_fastener
Fra:1 Mem:64.26M (Peak 64.26M) | Time:00:00.00 | Mem:0.00M, Peak:0.00M | Scene, ViewLayer | Synchronizing object | lens_support_slider
Fra:1 Mem:64.31M (Peak 64.31M) | Time:00:00.00 | Mem:0.00M, Peak:0.00M | Scene, ViewLayer | Synchronizing object | lens_adapter_support
Fra:1 Mem:64.33M (Peak 64.33M) | Time:00:00.00 | Mem:0.00M, Peak:0.00M | Scene, ViewLayer | Synchronizing object | side_lug_bridge
Fra:1 Mem:65.54M (Peak 65.54M) | Time:00:00.00 | Mem:0.00M, Peak:0.00M | Scene, ViewLayer | Synchronizing object | side_bridge_clamp
Fra:1 Mem:76.39M (Peak 76.39M) | Time:00:00.00 | Mem:0.00M, Peak:0.00M | Scene, ViewLayer | Initializing
Fra:1 Mem:74.42M (Peak 76.39M) | Time:00:00.00 | Mem:0.00M, Peak:0.00M | Scene, ViewLayer | Waiting for render to start
Fra:1 Mem:74.42M (Peak 76.39M) | Time:00:00.00 | Mem:0.00M, Peak:0.00M | Scene, ViewLayer | Loading render kernels (may take a few minutes the first time)
Fra:1 Mem:74.42M (Peak 76.39M) | Time:00:00.00 | Mem:0.00M, Peak:0.00M | Scene, ViewLayer | Updating Scene
Fra:1 Mem:74.42M (Peak 76.39M) | Time:00:00.00 | Mem:0.00M, Peak:0.00M | Scene, ViewLayer | Updating Shaders
Fra:1 Mem:74.51M (Peak 76.39M) | Time:00:00.00 | Mem:0.00M, Peak:0.00M | Scene, ViewLayer | Updating Procedurals
Fra:1 Mem:74.51M (Peak 76.39M) | Time:00:00.00 | Mem:0.00M, Peak:0.00M | Scene, ViewLayer | Updating Background
Fra:1 Mem:74.51M (Peak 76.39M) | Time:00:00.00 | Mem:0.00M, Peak:0.00M | Scene, ViewLayer | Updating Camera
Fra:1 Mem:74.51M (Peak 76.39M) | Time:00:00.00 | Mem:0.00M, Peak:0.00M | Scene, ViewLayer | Updating Meshes Flags
Fra:1 Mem:74.51M (Peak 76.39M) | Time:00:00.00 | Mem:0.00M, Peak:0.00M | Scene, ViewLayer | Updating Objects
Fra:1 Mem:74.51M (Peak 76.39M) | Time:00:00.00 | Mem:0.00M, Peak:0.00M | Scene, ViewLayer | Updating Objects | Copying Transformations to device
Fra:1 Mem:74.52M (Peak 76.39M) | Time:00:00.00 | Mem:0.02M, Peak:0.02M | Scene, ViewLayer | Updating Objects | Applying Static Transformations
Fra:1 Mem:74.52M (Peak 76.39M) | Time:00:00.00 | Mem:0.02M, Peak:0.02M | Scene, ViewLayer | Updating Particle Systems
Fra:1 Mem:74.52M (Peak 76.39M) | Time:00:00.00 | Mem:0.02M, Peak:0.02M | Scene, ViewLayer | Updating Particle Systems | Copying Particles to device
Fra:1 Mem:74.52M (Peak 76.39M) | Time:00:00.00 | Mem:0.02M, Peak:0.02M | Scene, ViewLayer | Updating Meshes
Fra:1 Mem:79.90M (Peak 79.90M) | Time:00:00.01 | Mem:0.02M, Peak:0.02M | Scene, ViewLayer | Updating Mesh | Computing attributes
Fra:1 Mem:82.92M (Peak 82.92M) | Time:00:00.01 | Mem:0.02M, Peak:0.02M | Scene, ViewLayer | Updating Mesh | Copying Attributes to device
Fra:1 Mem:82.91M (Peak 82.92M) | Time:00:00.01 | Mem:3.03M, Peak:3.03M | Scene, ViewLayer | Updating Scene BVH | Building
Fra:1 Mem:82.91M (Peak 82.92M) | Time:00:00.01 | Mem:3.03M, Peak:3.03M | Scene, ViewLayer | Updating Scene BVH | Building BVH
Fra:1 Mem:82.91M (Peak 82.92M) | Time:00:00.01 | Mem:13.78M, Peak:13.78M | Scene, ViewLayer | Updating Scene BVH | Building BVH 0%
Fra:1 Mem:82.91M (Peak 82.92M) | Time:00:00.02 | Mem:25.48M, Peak:36.24M | Scene, ViewLayer | Updating Scene BVH | Copying BVH to device
Fra:1 Mem:82.91M (Peak 82.92M) | Time:00:00.02 | Mem:25.48M, Peak:36.24M | Scene, ViewLayer | Updating Mesh | Computing normals
Fra:1 Mem:97.65M (Peak 97.65M) | Time:00:00.03 | Mem:25.48M, Peak:36.24M | Scene, ViewLayer | Updating Mesh | Copying Mesh to device
Fra:1 Mem:97.65M (Peak 97.65M) | Time:00:00.03 | Mem:40.23M, Peak:40.23M | Scene, ViewLayer | Updating Objects Flags
Fra:1 Mem:97.65M (Peak 97.65M) | Time:00:00.03 | Mem:40.23M, Peak:40.23M | Scene, ViewLayer | Updating Primitive Offsets
Fra:1 Mem:97.65M (Peak 97.65M) | Time:00:00.03 | Mem:40.23M, Peak:40.23M | Scene, ViewLayer | Updating Images
Fra:1 Mem:97.65M (Peak 97.65M) | Time:00:00.03 | Mem:40.23M, Peak:40.23M | Scene, ViewLayer | Updating Camera Volume
Fra:1 Mem:97.65M (Peak 97.65M) | Time:00:00.03 | Mem:40.23M, Peak:40.23M | Scene, ViewLayer | Updating Lookup Tables
Fra:1 Mem:97.65M (Peak 97.65M) | Time:00:00.03 | Mem:40.31M, Peak:40.31M | Scene, ViewLayer | Updating Lights
Fra:1 Mem:97.65M (Peak 97.65M) | Time:00:00.03 | Mem:40.31M, Peak:40.31M | Scene, ViewLayer | Updating Lights | Computing tree
Fra:1 Mem:97.65M (Peak 97.65M) | Time:00:00.03 | Mem:40.31M, Peak:40.31M | Scene, ViewLayer | Updating Integrator
Fra:1 Mem:97.65M (Peak 97.65M) | Time:00:00.03 | Mem:40.31M, Peak:40.31M | Scene, ViewLayer | Updating Film
Fra:1 Mem:97.66M (Peak 97.66M) | Time:00:00.03 | Mem:40.23M, Peak:40.31M | Scene, ViewLayer | Updating Lookup Tables
Fra:1 Mem:97.66M (Peak 97.66M) | Time:00:00.03 | Mem:40.31M, Peak:40.31M | Scene, ViewLayer | Updating Baking
Fra:1 Mem:97.66M (Peak 97.66M) | Time:00:00.03 | Mem:40.31M, Peak:40.31M | Scene, ViewLayer | Updating Device | Writing constant memory
Fra:1 Mem:97.66M (Peak 97.66M) | Time:00:00.03 | Mem:40.31M, Peak:40.31M | Scene, ViewLayer | Loading denoising kernels (may take a few minutes the first time)
Fra:1 Mem:97.66M (Peak 97.66M) | Time:00:00.03 | Mem:40.31M, Peak:40.31M | Scene, ViewLayer | Sample 0/40
Fra:1 Mem:280.72M (Peak 280.72M) | Time:00:00.17 | Remaining:00:05.56 | Mem:222.96M, Peak:222.96M | Scene, ViewLayer | Sample 1/40
Fra:1 Mem:357.63M (Peak 472.99M) | Time:00:08.87 | Mem:222.96M, Peak:222.96M | Scene, ViewLayer | Sample 40/40
Fra:1 Mem:357.63M (Peak 472.99M) | Time:00:08.87 | Mem:222.96M, Peak:222.96M | Scene, ViewLayer | Finished
Saved: 'C:\nikon_cage_cad\renders\r2\09_front.png'
Time: 00:09.09 (Saving: 00:00.20)

RENDER 10_rear
Fra:1 Mem:58.63M (Peak 58.63M) | Time:00:00.00 | Mem:0.00M, Peak:0.00M | Scene, ViewLayer | Synchronizing object | left_top_clamp_screw
Fra:1 Mem:58.63M (Peak 58.63M) | Time:00:00.00 | Mem:0.00M, Peak:0.00M | Scene, ViewLayer | Synchronizing object | left_base_clamp_screw
Fra:1 Mem:58.71M (Peak 58.71M) | Time:00:00.00 | Mem:0.00M, Peak:0.00M | Scene, ViewLayer | Synchronizing object | right_base_clamp_screw
Fra:1 Mem:58.74M (Peak 58.74M) | Time:00:00.00 | Mem:0.00M, Peak:0.00M | Scene, ViewLayer | Synchronizing object | top_NATO_stop_25
Fra:1 Mem:58.83M (Peak 58.83M) | Time:00:00.00 | Mem:0.00M, Peak:0.00M | Scene, ViewLayer | Synchronizing object | pad_-7_16
Fra:1 Mem:58.90M (Peak 58.90M) | Time:00:00.00 | Mem:0.00M, Peak:0.00M | Scene, ViewLayer | Synchronizing object | camera_anti_twist_pin
Fra:1 Mem:59.19M (Peak 59.19M) | Time:00:00.00 | Mem:0.00M, Peak:0.00M | Scene, ViewLayer | Synchronizing object | cold_shoe_screw_-23
Fra:1 Mem:59.64M (Peak 59.64M) | Time:00:00.00 | Mem:0.00M, Peak:0.00M | Scene, ViewLayer | Synchronizing object | cold_shoe_screw_-12
Fra:1 Mem:59.95M (Peak 59.95M) | Time:00:00.00 | Mem:0.00M, Peak:0.00M | Scene, ViewLayer | Synchronizing object | side_NATO_stop_29
Fra:1 Mem:59.99M (Peak 59.99M) | Time:00:00.00 | Mem:0.00M, Peak:0.00M | Scene, ViewLayer | Synchronizing object | cable_mount_clamp
Fra:1 Mem:60.00M (Peak 60.00M) | Time:00:00.00 | Mem:0.00M, Peak:0.00M | Scene, ViewLayer | Synchronizing object | cable_carrier_M4_-95
Fra:1 Mem:60.07M (Peak 60.07M) | Time:00:00.00 | Mem:0.00M, Peak:0.00M | Scene, ViewLayer | Synchronizing object | cable_lower_pad
Fra:1 Mem:60.16M (Peak 60.16M) | Time:00:00.00 | Mem:0.00M, Peak:0.00M | Scene, ViewLayer | Synchronizing object | QD_socket_insert
Fra:1 Mem:60.18M (Peak 60.18M) | Time:00:00.00 | Mem:0.00M, Peak:0.00M | Scene, ViewLayer | Synchronizing object | QD_retention_71
Fra:1 Mem:60.31M (Peak 60.31M) | Time:00:00.00 | Mem:0.00M, Peak:0.00M | Scene, ViewLayer | Synchronizing object | lens_slider_-25
Fra:1 Mem:60.66M (Peak 60.66M) | Time:00:00.00 | Mem:0.00M, Peak:0.00M | Scene, ViewLayer | Synchronizing object | lens_slider_-9
Fra:1 Mem:60.81M (Peak 60.81M) | Time:00:00.00 | Mem:0.00M, Peak:0.00M | Scene, ViewLayer | Synchronizing object | lens_support_slider
Fra:1 Mem:62.50M (Peak 62.50M) | Time:00:00.00 | Mem:0.00M, Peak:0.00M | Scene, ViewLayer | Synchronizing object | lens_adapter_support
Fra:1 Mem:62.91M (Peak 62.91M) | Time:00:00.00 | Mem:0.00M, Peak:0.00M | Scene, ViewLayer | Synchronizing object | side_lug_bridge
Fra:1 Mem:63.42M (Peak 63.42M) | Time:00:00.00 | Mem:0.00M, Peak:0.00M | Scene, ViewLayer | Synchronizing object | side_bridge_clamp
Fra:1 Mem:76.39M (Peak 76.39M) | Time:00:00.00 | Mem:0.00M, Peak:0.00M | Scene, ViewLayer | Initializing
Fra:1 Mem:74.42M (Peak 76.39M) | Time:00:00.00 | Mem:0.00M, Peak:0.00M | Scene, ViewLayer | Waiting for render to start
Fra:1 Mem:74.42M (Peak 76.39M) | Time:00:00.00 | Mem:0.00M, Peak:0.00M | Scene, ViewLayer | Loading render kernels (may take a few minutes the first time)
Fra:1 Mem:74.42M (Peak 76.39M) | Time:00:00.00 | Mem:0.00M, Peak:0.00M | Scene, ViewLayer | Updating Scene
Fra:1 Mem:74.42M (Peak 76.39M) | Time:00:00.00 | Mem:0.00M, Peak:0.00M | Scene, ViewLayer | Updating Shaders
Fra:1 Mem:74.51M (Peak 76.39M) | Time:00:00.00 | Mem:0.00M, Peak:0.00M | Scene, ViewLayer | Updating Procedurals
Fra:1 Mem:74.51M (Peak 76.39M) | Time:00:00.00 | Mem:0.00M, Peak:0.00M | Scene, ViewLayer | Updating Background
Fra:1 Mem:74.51M (Peak 76.39M) | Time:00:00.00 | Mem:0.00M, Peak:0.00M | Scene, ViewLayer | Updating Camera
Fra:1 Mem:74.51M (Peak 76.39M) | Time:00:00.00 | Mem:0.00M, Peak:0.00M | Scene, ViewLayer | Updating Meshes Flags
Fra:1 Mem:74.51M (Peak 76.39M) | Time:00:00.00 | Mem:0.00M, Peak:0.00M | Scene, ViewLayer | Updating Objects
Fra:1 Mem:74.51M (Peak 76.39M) | Time:00:00.00 | Mem:0.00M, Peak:0.00M | Scene, ViewLayer | Updating Objects | Copying Transformations to device
Fra:1 Mem:74.52M (Peak 76.39M) | Time:00:00.00 | Mem:0.02M, Peak:0.02M | Scene, ViewLayer | Updating Objects | Applying Static Transformations
Fra:1 Mem:74.52M (Peak 76.39M) | Time:00:00.00 | Mem:0.02M, Peak:0.02M | Scene, ViewLayer | Updating Particle Systems
Fra:1 Mem:74.52M (Peak 76.39M) | Time:00:00.00 | Mem:0.02M, Peak:0.02M | Scene, ViewLayer | Updating Particle Systems | Copying Particles to device
Fra:1 Mem:74.52M (Peak 76.39M) | Time:00:00.00 | Mem:0.02M, Peak:0.02M | Scene, ViewLayer | Updating Meshes
Fra:1 Mem:79.90M (Peak 79.90M) | Time:00:00.01 | Mem:0.02M, Peak:0.02M | Scene, ViewLayer | Updating Mesh | Computing attributes
Fra:1 Mem:82.92M (Peak 82.92M) | Time:00:00.01 | Mem:0.02M, Peak:0.02M | Scene, ViewLayer | Updating Mesh | Copying Attributes to device
Fra:1 Mem:82.91M (Peak 82.92M) | Time:00:00.01 | Mem:3.03M, Peak:3.03M | Scene, ViewLayer | Updating Scene BVH | Building
Fra:1 Mem:82.91M (Peak 82.92M) | Time:00:00.01 | Mem:3.03M, Peak:3.03M | Scene, ViewLayer | Updating Scene BVH | Building BVH
Fra:1 Mem:82.91M (Peak 82.92M) | Time:00:00.01 | Mem:13.78M, Peak:13.78M | Scene, ViewLayer | Updating Scene BVH | Building BVH 0%
Fra:1 Mem:82.91M (Peak 82.92M) | Time:00:00.02 | Mem:25.48M, Peak:36.24M | Scene, ViewLayer | Updating Scene BVH | Copying BVH to device
Fra:1 Mem:82.91M (Peak 82.92M) | Time:00:00.02 | Mem:25.48M, Peak:36.24M | Scene, ViewLayer | Updating Mesh | Computing normals
Fra:1 Mem:97.65M (Peak 97.65M) | Time:00:00.03 | Mem:25.48M, Peak:36.24M | Scene, ViewLayer | Updating Mesh | Copying Mesh to device
Fra:1 Mem:97.65M (Peak 97.65M) | Time:00:00.03 | Mem:40.23M, Peak:40.23M | Scene, ViewLayer | Updating Objects Flags
Fra:1 Mem:97.65M (Peak 97.65M) | Time:00:00.03 | Mem:40.23M, Peak:40.23M | Scene, ViewLayer | Updating Primitive Offsets
Fra:1 Mem:97.65M (Peak 97.65M) | Time:00:00.03 | Mem:40.23M, Peak:40.23M | Scene, ViewLayer | Updating Images
Fra:1 Mem:97.65M (Peak 97.65M) | Time:00:00.03 | Mem:40.23M, Peak:40.23M | Scene, ViewLayer | Updating Camera Volume
Fra:1 Mem:97.65M (Peak 97.65M) | Time:00:00.03 | Mem:40.23M, Peak:40.23M | Scene, ViewLayer | Updating Lookup Tables
Fra:1 Mem:97.65M (Peak 97.65M) | Time:00:00.03 | Mem:40.31M, Peak:40.31M | Scene, ViewLayer | Updating Lights
Fra:1 Mem:97.65M (Peak 97.65M) | Time:00:00.03 | Mem:40.31M, Peak:40.31M | Scene, ViewLayer | Updating Lights | Computing tree
Fra:1 Mem:97.65M (Peak 97.65M) | Time:00:00.03 | Mem:40.31M, Peak:40.31M | Scene, ViewLayer | Updating Integrator
Fra:1 Mem:97.65M (Peak 97.65M) | Time:00:00.03 | Mem:40.31M, Peak:40.31M | Scene, ViewLayer | Updating Film
Fra:1 Mem:97.66M (Peak 97.66M) | Time:00:00.03 | Mem:40.23M, Peak:40.31M | Scene, ViewLayer | Updating Lookup Tables
Fra:1 Mem:97.66M (Peak 97.66M) | Time:00:00.03 | Mem:40.31M, Peak:40.31M | Scene, ViewLayer | Updating Baking
Fra:1 Mem:97.66M (Peak 97.66M) | Time:00:00.03 | Mem:40.31M, Peak:40.31M | Scene, ViewLayer | Updating Device | Writing constant memory
Fra:1 Mem:97.66M (Peak 97.66M) | Time:00:00.03 | Mem:40.31M, Peak:40.31M | Scene, ViewLayer | Loading denoising kernels (may take a few minutes the first time)
Fra:1 Mem:97.66M (Peak 97.66M) | Time:00:00.03 | Mem:40.31M, Peak:40.31M | Scene, ViewLayer | Sample 0/40
Fra:1 Mem:280.72M (Peak 280.72M) | Time:00:00.16 | Remaining:00:05.08 | Mem:222.96M, Peak:222.96M | Scene, ViewLayer | Sample 1/40
Fra:1 Mem:357.63M (Peak 472.99M) | Time:00:08.66 | Mem:222.96M, Peak:222.96M | Scene, ViewLayer | Sample 40/40
Fra:1 Mem:357.63M (Peak 472.99M) | Time:00:08.66 | Mem:222.96M, Peak:222.96M | Scene, ViewLayer | Finished
Saved: 'C:\nikon_cage_cad\renders\r2\10_rear.png'
Time: 00:08.87 (Saving: 00:00.20)

RENDER 11_left
Fra:1 Mem:58.64M (Peak 58.64M) | Time:00:00.00 | Mem:0.00M, Peak:0.00M | Scene, ViewLayer | Synchronizing object | left_top_clamp_screw
Fra:1 Mem:58.71M (Peak 58.71M) | Time:00:00.00 | Mem:0.00M, Peak:0.00M | Scene, ViewLayer | Synchronizing object | left_top_axial_screw
Fra:1 Mem:58.95M (Peak 58.95M) | Time:00:00.00 | Mem:0.00M, Peak:0.00M | Scene, ViewLayer | Synchronizing object | left_base_axial_screw
Fra:1 Mem:58.95M (Peak 58.95M) | Time:00:00.00 | Mem:0.00M, Peak:0.00M | Scene, ViewLayer | Synchronizing object | top_NATO_stop_25
Fra:1 Mem:59.05M (Peak 59.05M) | Time:00:00.00 | Mem:0.00M, Peak:0.00M | Scene, ViewLayer | Synchronizing object | tool_magnet
Fra:1 Mem:59.05M (Peak 59.05M) | Time:00:00.00 | Mem:0.00M, Peak:0.00M | Scene, ViewLayer | Synchronizing object | cold_shoe
Fra:1 Mem:59.08M (Peak 59.09M) | Time:00:00.00 | Mem:0.00M, Peak:0.00M | Scene, ViewLayer | Synchronizing object | cable_carrier_M4_-95
Fra:1 Mem:59.47M (Peak 59.47M) | Time:00:00.00 | Mem:0.00M, Peak:0.00M | Scene, ViewLayer | Synchronizing object | cable_pivot_plate
Fra:1 Mem:59.71M (Peak 59.71M) | Time:00:00.00 | Mem:0.00M, Peak:0.00M | Scene, ViewLayer | Synchronizing object | cable_swing_frame
Fra:1 Mem:59.96M (Peak 59.96M) | Time:00:00.00 | Mem:0.00M, Peak:0.00M | Scene, ViewLayer | Synchronizing object | M2_5_lug_fastener
Fra:1 Mem:59.97M (Peak 59.97M) | Time:00:00.00 | Mem:0.00M, Peak:0.00M | Scene, ViewLayer | Synchronizing object | cable_moving_jaw
Fra:1 Mem:60.09M (Peak 60.09M) | Time:00:00.00 | Mem:0.00M, Peak:0.00M | Scene, ViewLayer | Synchronizing object | cable_lower_pad
Fra:1 Mem:60.07M (Peak 60.09M) | Time:00:00.00 | Mem:0.00M, Peak:0.00M | Scene, ViewLayer | Synchronizing object | QD_socket_insert
Fra:1 Mem:60.10M (Peak 60.10M) | Time:00:00.00 | Mem:0.00M, Peak:0.00M | Scene, ViewLayer | Synchronizing object | QD_retention_71
Fra:1 Mem:60.51M (Peak 60.51M) | Time:00:00.00 | Mem:0.00M, Peak:0.00M | Scene, ViewLayer | Synchronizing object | QD_retention_89
Fra:1 Mem:62.15M (Peak 62.15M) | Time:00:00.00 | Mem:0.00M, Peak:0.00M | Scene, ViewLayer | Synchronizing object | lens_slider_-25
Fra:1 Mem:62.55M (Peak 62.55M) | Time:00:00.00 | Mem:0.00M, Peak:0.00M | Scene, ViewLayer | Synchronizing object | lens_slider_-9
Fra:1 Mem:64.43M (Peak 64.43M) | Time:00:00.00 | Mem:0.00M, Peak:0.00M | Scene, ViewLayer | Synchronizing object | lens_support_slider
Fra:1 Mem:64.32M (Peak 64.43M) | Time:00:00.00 | Mem:0.00M, Peak:0.00M | Scene, ViewLayer | Synchronizing object | lens_adapter_support
Fra:1 Mem:64.58M (Peak 64.58M) | Time:00:00.00 | Mem:0.00M, Peak:0.00M | Scene, ViewLayer | Synchronizing object | lens_support_lock
Fra:1 Mem:64.94M (Peak 64.94M) | Time:00:00.00 | Mem:0.00M, Peak:0.00M | Scene, ViewLayer | Synchronizing object | side_bridge_clamp
Fra:1 Mem:76.39M (Peak 76.98M) | Time:00:00.00 | Mem:0.00M, Peak:0.00M | Scene, ViewLayer | Initializing
Fra:1 Mem:74.42M (Peak 76.98M) | Time:00:00.01 | Mem:0.00M, Peak:0.00M | Scene, ViewLayer | Waiting for render to start
Fra:1 Mem:74.42M (Peak 76.98M) | Time:00:00.01 | Mem:0.00M, Peak:0.00M | Scene, ViewLayer | Loading render kernels (may take a few minutes the first time)
Fra:1 Mem:74.42M (Peak 76.98M) | Time:00:00.01 | Mem:0.00M, Peak:0.00M | Scene, ViewLayer | Updating Scene
Fra:1 Mem:74.42M (Peak 76.98M) | Time:00:00.01 | Mem:0.00M, Peak:0.00M | Scene, ViewLayer | Updating Shaders
Fra:1 Mem:74.51M (Peak 76.98M) | Time:00:00.01 | Mem:0.00M, Peak:0.00M | Scene, ViewLayer | Updating Procedurals
Fra:1 Mem:74.51M (Peak 76.98M) | Time:00:00.01 | Mem:0.00M, Peak:0.00M | Scene, ViewLayer | Updating Background
Fra:1 Mem:74.51M (Peak 76.98M) | Time:00:00.01 | Mem:0.00M, Peak:0.00M | Scene, ViewLayer | Updating Camera
Fra:1 Mem:74.51M (Peak 76.98M) | Time:00:00.01 | Mem:0.00M, Peak:0.00M | Scene, ViewLayer | Updating Meshes Flags
Fra:1 Mem:74.51M (Peak 76.98M) | Time:00:00.01 | Mem:0.00M, Peak:0.00M | Scene, ViewLayer | Updating Objects
Fra:1 Mem:74.51M (Peak 76.98M) | Time:00:00.01 | Mem:0.00M, Peak:0.00M | Scene, ViewLayer | Updating Objects | Copying Transformations to device
Fra:1 Mem:74.52M (Peak 76.98M) | Time:00:00.01 | Mem:0.02M, Peak:0.02M | Scene, ViewLayer | Updating Objects | Applying Static Transformations
Fra:1 Mem:74.52M (Peak 76.98M) | Time:00:00.01 | Mem:0.02M, Peak:0.02M | Scene, ViewLayer | Updating Particle Systems
Fra:1 Mem:74.52M (Peak 76.98M) | Time:00:00.01 | Mem:0.02M, Peak:0.02M | Scene, ViewLayer | Updating Particle Systems | Copying Particles to device
Fra:1 Mem:74.52M (Peak 76.98M) | Time:00:00.01 | Mem:0.02M, Peak:0.02M | Scene, ViewLayer | Updating Meshes
Fra:1 Mem:79.90M (Peak 79.90M) | Time:00:00.01 | Mem:0.02M, Peak:0.02M | Scene, ViewLayer | Updating Mesh | Computing attributes
Fra:1 Mem:82.92M (Peak 82.92M) | Time:00:00.01 | Mem:0.02M, Peak:0.02M | Scene, ViewLayer | Updating Mesh | Copying Attributes to device
Fra:1 Mem:82.91M (Peak 82.92M) | Time:00:00.01 | Mem:3.03M, Peak:3.03M | Scene, ViewLayer | Updating Scene BVH | Building
Fra:1 Mem:82.91M (Peak 82.92M) | Time:00:00.01 | Mem:3.03M, Peak:3.03M | Scene, ViewLayer | Updating Scene BVH | Building BVH
Fra:1 Mem:82.91M (Peak 82.92M) | Time:00:00.01 | Mem:13.78M, Peak:13.78M | Scene, ViewLayer | Updating Scene BVH | Building BVH 0%
Fra:1 Mem:82.91M (Peak 82.92M) | Time:00:00.03 | Mem:25.48M, Peak:36.24M | Scene, ViewLayer | Updating Scene BVH | Copying BVH to device
Fra:1 Mem:82.91M (Peak 82.92M) | Time:00:00.03 | Mem:25.48M, Peak:36.24M | Scene, ViewLayer | Updating Mesh | Computing normals
Fra:1 Mem:97.65M (Peak 97.65M) | Time:00:00.03 | Mem:25.48M, Peak:36.24M | Scene, ViewLayer | Updating Mesh | Copying Mesh to device
Fra:1 Mem:97.65M (Peak 97.65M) | Time:00:00.03 | Mem:40.23M, Peak:40.23M | Scene, ViewLayer | Updating Objects Flags
Fra:1 Mem:97.65M (Peak 97.65M) | Time:00:00.03 | Mem:40.23M, Peak:40.23M | Scene, ViewLayer | Updating Primitive Offsets
Fra:1 Mem:97.65M (Peak 97.65M) | Time:00:00.03 | Mem:40.23M, Peak:40.23M | Scene, ViewLayer | Updating Images
Fra:1 Mem:97.65M (Peak 97.65M) | Time:00:00.03 | Mem:40.23M, Peak:40.23M | Scene, ViewLayer | Updating Camera Volume
Fra:1 Mem:97.65M (Peak 97.65M) | Time:00:00.03 | Mem:40.23M, Peak:40.23M | Scene, ViewLayer | Updating Lookup Tables
Fra:1 Mem:97.65M (Peak 97.65M) | Time:00:00.03 | Mem:40.31M, Peak:40.31M | Scene, ViewLayer | Updating Lights
Fra:1 Mem:97.65M (Peak 97.65M) | Time:00:00.03 | Mem:40.31M, Peak:40.31M | Scene, ViewLayer | Updating Lights | Computing tree
Fra:1 Mem:97.65M (Peak 97.65M) | Time:00:00.03 | Mem:40.31M, Peak:40.31M | Scene, ViewLayer | Updating Integrator
Fra:1 Mem:97.65M (Peak 97.65M) | Time:00:00.03 | Mem:40.31M, Peak:40.31M | Scene, ViewLayer | Updating Film
Fra:1 Mem:97.66M (Peak 97.66M) | Time:00:00.03 | Mem:40.23M, Peak:40.31M | Scene, ViewLayer | Updating Lookup Tables
Fra:1 Mem:97.66M (Peak 97.66M) | Time:00:00.03 | Mem:40.31M, Peak:40.31M | Scene, ViewLayer | Updating Baking
Fra:1 Mem:97.66M (Peak 97.66M) | Time:00:00.03 | Mem:40.31M, Peak:40.31M | Scene, ViewLayer | Updating Device | Writing constant memory
Fra:1 Mem:97.66M (Peak 97.66M) | Time:00:00.03 | Mem:40.31M, Peak:40.31M | Scene, ViewLayer | Loading denoising kernels (may take a few minutes the first time)
Fra:1 Mem:97.66M (Peak 97.66M) | Time:00:00.03 | Mem:40.31M, Peak:40.31M | Scene, ViewLayer | Sample 0/40
Fra:1 Mem:280.72M (Peak 280.72M) | Time:00:00.17 | Remaining:00:05.40 | Mem:222.96M, Peak:222.96M | Scene, ViewLayer | Sample 1/40
Fra:1 Mem:357.63M (Peak 472.99M) | Time:00:08.87 | Mem:222.96M, Peak:222.96M | Scene, ViewLayer | Sample 40/40
Fra:1 Mem:357.63M (Peak 472.99M) | Time:00:08.87 | Mem:222.96M, Peak:222.96M | Scene, ViewLayer | Finished
Saved: 'C:\nikon_cage_cad\renders\r2\11_left.png'
Time: 00:09.09 (Saving: 00:00.20)

RENDER 12_right
Fra:1 Mem:58.63M (Peak 58.63M) | Time:00:00.00 | Mem:0.00M, Peak:0.00M | Scene, ViewLayer | Synchronizing object | left_top_clamp_screw
Fra:1 Mem:58.64M (Peak 58.64M) | Time:00:00.00 | Mem:0.00M, Peak:0.00M | Scene, ViewLayer | Synchronizing object | left_base_axial_screw
Fra:1 Mem:58.69M (Peak 58.69M) | Time:00:00.00 | Mem:0.00M, Peak:0.00M | Scene, ViewLayer | Synchronizing object | right_top_clamp_screw
Fra:1 Mem:58.78M (Peak 58.78M) | Time:00:00.00 | Mem:0.00M, Peak:0.00M | Scene, ViewLayer | Synchronizing object | right_upright
Fra:1 Mem:58.93M (Peak 58.93M) | Time:00:00.00 | Mem:0.00M, Peak:0.00M | Scene, ViewLayer | Synchronizing object | right_top_retainer
Fra:1 Mem:58.99M (Peak 58.99M) | Time:00:00.00 | Mem:0.00M, Peak:0.00M | Scene, ViewLayer | Synchronizing object | top_NATO_stop_25
Fra:1 Mem:59.06M (Peak 59.06M) | Time:00:00.00 | Mem:0.00M, Peak:0.00M | Scene, ViewLayer | Synchronizing object | pad_-48_-16
Fra:1 Mem:59.12M (Peak 59.12M) | Time:00:00.00 | Mem:0.00M, Peak:0.00M | Scene, ViewLayer | Synchronizing object | top_plate
Fra:1 Mem:59.12M (Peak 59.23M) | Time:00:00.00 | Mem:0.00M, Peak:0.00M | Scene, ViewLayer | Synchronizing object | cold_shoe_screw_-12
Fra:1 Mem:61.33M (Peak 61.33M) | Time:00:00.00 | Mem:0.00M, Peak:0.00M | Scene, ViewLayer | Synchronizing object | side_NATO_stop_71
Fra:1 Mem:61.49M (Peak 61.49M) | Time:00:00.00 | Mem:0.00M, Peak:0.00M | Scene, ViewLayer | Synchronizing object | cable_carrier_M4_-95
Fra:1 Mem:61.53M (Peak 61.53M) | Time:00:00.00 | Mem:0.00M, Peak:0.00M | Scene, ViewLayer | Synchronizing object | cable_carrier_M4_-81
Fra:1 Mem:61.60M (Peak 61.60M) | Time:00:00.00 | Mem:0.00M, Peak:0.00M | Scene, ViewLayer | Synchronizing object | cable_moving_jaw
Fra:1 Mem:61.68M (Peak 61.69M) | Time:00:00.00 | Mem:0.00M, Peak:0.00M | Scene, ViewLayer | Synchronizing object | cable_upper_pad
Fra:1 Mem:62.10M (Peak 62.10M) | Time:00:00.00 | Mem:0.00M, Peak:0.00M | Scene, ViewLayer | Synchronizing object | M2_5_lug_fastener
Fra:1 Mem:62.96M (Peak 62.96M) | Time:00:00.00 | Mem:0.00M, Peak:0.00M | Scene, ViewLayer | Synchronizing object | QD_socket_insert
Fra:1 Mem:63.81M (Peak 63.81M) | Time:00:00.00 | Mem:0.00M, Peak:0.00M | Scene, ViewLayer | Synchronizing object | QD_retention_71
Fra:1 Mem:64.74M (Peak 64.74M) | Time:00:00.00 | Mem:0.00M, Peak:0.00M | Scene, ViewLayer | Synchronizing object | QD_retention_89
Fra:1 Mem:65.06M (Peak 65.06M) | Time:00:00.00 | Mem:0.00M, Peak:0.00M | Scene, ViewLayer | Synchronizing object | lens_slider_-25
Fra:1 Mem:65.86M (Peak 65.86M) | Time:00:00.00 | Mem:0.00M, Peak:0.00M | Scene, ViewLayer | Synchronizing object | lens_slider_-9
Fra:1 Mem:66.41M (Peak 66.41M) | Time:00:00.00 | Mem:0.00M, Peak:0.00M | Scene, ViewLayer | Synchronizing object | lens_adapter_support
Fra:1 Mem:68.57M (Peak 68.57M) | Time:00:00.00 | Mem:0.00M, Peak:0.00M | Scene, ViewLayer | Synchronizing object | side_bridge_clamp
Fra:1 Mem:76.39M (Peak 76.39M) | Time:00:00.00 | Mem:0.00M, Peak:0.00M | Scene, ViewLayer | Initializing
Fra:1 Mem:74.42M (Peak 76.39M) | Time:00:00.00 | Mem:0.00M, Peak:0.00M | Scene, ViewLayer | Waiting for render to start
Fra:1 Mem:74.42M (Peak 76.39M) | Time:00:00.00 | Mem:0.00M, Peak:0.00M | Scene, ViewLayer | Loading render kernels (may take a few minutes the first time)
Fra:1 Mem:74.42M (Peak 76.39M) | Time:00:00.00 | Mem:0.00M, Peak:0.00M | Scene, ViewLayer | Updating Scene
Fra:1 Mem:74.42M (Peak 76.39M) | Time:00:00.00 | Mem:0.00M, Peak:0.00M | Scene, ViewLayer | Updating Shaders
Fra:1 Mem:74.51M (Peak 76.39M) | Time:00:00.00 | Mem:0.00M, Peak:0.00M | Scene, ViewLayer | Updating Procedurals
Fra:1 Mem:74.51M (Peak 76.39M) | Time:00:00.00 | Mem:0.00M, Peak:0.00M | Scene, ViewLayer | Updating Background
Fra:1 Mem:74.51M (Peak 76.39M) | Time:00:00.00 | Mem:0.00M, Peak:0.00M | Scene, ViewLayer | Updating Camera
Fra:1 Mem:74.51M (Peak 76.39M) | Time:00:00.00 | Mem:0.00M, Peak:0.00M | Scene, ViewLayer | Updating Meshes Flags
Fra:1 Mem:74.51M (Peak 76.39M) | Time:00:00.00 | Mem:0.00M, Peak:0.00M | Scene, ViewLayer | Updating Objects
Fra:1 Mem:74.51M (Peak 76.39M) | Time:00:00.00 | Mem:0.00M, Peak:0.00M | Scene, ViewLayer | Updating Objects | Copying Transformations to device
Fra:1 Mem:74.52M (Peak 76.39M) | Time:00:00.00 | Mem:0.02M, Peak:0.02M | Scene, ViewLayer | Updating Objects | Applying Static Transformations
Fra:1 Mem:74.52M (Peak 76.39M) | Time:00:00.00 | Mem:0.02M, Peak:0.02M | Scene, ViewLayer | Updating Particle Systems
Fra:1 Mem:74.52M (Peak 76.39M) | Time:00:00.00 | Mem:0.02M, Peak:0.02M | Scene, ViewLayer | Updating Particle Systems | Copying Particles to device
Fra:1 Mem:74.52M (Peak 76.39M) | Time:00:00.00 | Mem:0.02M, Peak:0.02M | Scene, ViewLayer | Updating Meshes
Fra:1 Mem:79.90M (Peak 79.90M) | Time:00:00.01 | Mem:0.02M, Peak:0.02M | Scene, ViewLayer | Updating Mesh | Computing attributes
Fra:1 Mem:82.92M (Peak 82.92M) | Time:00:00.01 | Mem:0.02M, Peak:0.02M | Scene, ViewLayer | Updating Mesh | Copying Attributes to device
Fra:1 Mem:82.91M (Peak 82.92M) | Time:00:00.01 | Mem:3.03M, Peak:3.03M | Scene, ViewLayer | Updating Scene BVH | Building
Fra:1 Mem:82.91M (Peak 82.92M) | Time:00:00.01 | Mem:3.03M, Peak:3.03M | Scene, ViewLayer | Updating Scene BVH | Building BVH
Fra:1 Mem:82.91M (Peak 82.92M) | Time:00:00.01 | Mem:13.78M, Peak:13.78M | Scene, ViewLayer | Updating Scene BVH | Building BVH 0%
Fra:1 Mem:82.91M (Peak 82.92M) | Time:00:00.02 | Mem:25.48M, Peak:36.24M | Scene, ViewLayer | Updating Scene BVH | Copying BVH to device
Fra:1 Mem:82.91M (Peak 82.92M) | Time:00:00.02 | Mem:25.48M, Peak:36.24M | Scene, ViewLayer | Updating Mesh | Computing normals
Fra:1 Mem:97.65M (Peak 97.65M) | Time:00:00.03 | Mem:25.48M, Peak:36.24M | Scene, ViewLayer | Updating Mesh | Copying Mesh to device
Fra:1 Mem:97.65M (Peak 97.65M) | Time:00:00.03 | Mem:40.23M, Peak:40.23M | Scene, ViewLayer | Updating Objects Flags
Fra:1 Mem:97.65M (Peak 97.65M) | Time:00:00.03 | Mem:40.23M, Peak:40.23M | Scene, ViewLayer | Updating Primitive Offsets
Fra:1 Mem:97.65M (Peak 97.65M) | Time:00:00.03 | Mem:40.23M, Peak:40.23M | Scene, ViewLayer | Updating Images
Fra:1 Mem:97.65M (Peak 97.65M) | Time:00:00.03 | Mem:40.23M, Peak:40.23M | Scene, ViewLayer | Updating Camera Volume
Fra:1 Mem:97.65M (Peak 97.65M) | Time:00:00.03 | Mem:40.23M, Peak:40.23M | Scene, ViewLayer | Updating Lookup Tables
Fra:1 Mem:97.65M (Peak 97.65M) | Time:00:00.03 | Mem:40.31M, Peak:40.31M | Scene, ViewLayer | Updating Lights
Fra:1 Mem:97.65M (Peak 97.65M) | Time:00:00.03 | Mem:40.31M, Peak:40.31M | Scene, ViewLayer | Updating Lights | Computing tree
Fra:1 Mem:97.65M (Peak 97.65M) | Time:00:00.03 | Mem:40.31M, Peak:40.31M | Scene, ViewLayer | Updating Integrator
Fra:1 Mem:97.65M (Peak 97.65M) | Time:00:00.03 | Mem:40.31M, Peak:40.31M | Scene, ViewLayer | Updating Film
Fra:1 Mem:97.66M (Peak 97.66M) | Time:00:00.03 | Mem:40.23M, Peak:40.31M | Scene, ViewLayer | Updating Lookup Tables
Fra:1 Mem:97.66M (Peak 97.66M) | Time:00:00.03 | Mem:40.31M, Peak:40.31M | Scene, ViewLayer | Updating Baking
Fra:1 Mem:97.66M (Peak 97.66M) | Time:00:00.03 | Mem:40.31M, Peak:40.31M | Scene, ViewLayer | Updating Device | Writing constant memory
Fra:1 Mem:97.66M (Peak 97.66M) | Time:00:00.03 | Mem:40.31M, Peak:40.31M | Scene, ViewLayer | Loading denoising kernels (may take a few minutes the first time)
Fra:1 Mem:97.66M (Peak 97.66M) | Time:00:00.03 | Mem:40.31M, Peak:40.31M | Scene, ViewLayer | Sample 0/40
Fra:1 Mem:280.72M (Peak 280.72M) | Time:00:00.17 | Remaining:00:05.37 | Mem:222.96M, Peak:222.96M | Scene, ViewLayer | Sample 1/40
Fra:1 Mem:357.63M (Peak 472.99M) | Time:00:08.97 | Mem:222.96M, Peak:222.96M | Scene, ViewLayer | Sample 40/40
Fra:1 Mem:357.63M (Peak 472.99M) | Time:00:08.97 | Mem:222.96M, Peak:222.96M | Scene, ViewLayer | Finished
Saved: 'C:\nikon_cage_cad\renders\r2\12_right.png'
Time: 00:09.19 (Saving: 00:00.20)

RENDER 13_top
Fra:1 Mem:58.63M (Peak 58.63M) | Time:00:00.00 | Mem:0.00M, Peak:0.00M | Scene, ViewLayer | Synchronizing object | left_top_clamp_screw
Fra:1 Mem:58.64M (Peak 58.64M) | Time:00:00.00 | Mem:0.00M, Peak:0.00M | Scene, ViewLayer | Synchronizing object | right_base_clamp_screw
Fra:1 Mem:58.67M (Peak 58.67M) | Time:00:00.00 | Mem:0.00M, Peak:0.00M | Scene, ViewLayer | Synchronizing object | top_NATO_stop_25
Fra:1 Mem:58.78M (Peak 58.78M) | Time:00:00.00 | Mem:0.00M, Peak:0.00M | Scene, ViewLayer | Synchronizing object | magnetic_multitool
Fra:1 Mem:58.81M (Peak 58.81M) | Time:00:00.00 | Mem:0.00M, Peak:0.00M | Scene, ViewLayer | Synchronizing object | side_rail_clamp_22
Fra:1 Mem:58.85M (Peak 58.85M) | Time:00:00.00 | Mem:0.00M, Peak:0.00M | Scene, ViewLayer | Synchronizing object | side_NATO_stop_71
Fra:1 Mem:58.94M (Peak 58.94M) | Time:00:00.00 | Mem:0.00M, Peak:0.00M | Scene, ViewLayer | Synchronizing object | cable_mount_clamp
Fra:1 Mem:58.96M (Peak 58.96M) | Time:00:00.00 | Mem:0.00M, Peak:0.00M | Scene, ViewLayer | Synchronizing object | cable_carrier_M4_-95
Fra:1 Mem:59.00M (Peak 59.00M) | Time:00:00.00 | Mem:0.00M, Peak:0.00M | Scene, ViewLayer | Synchronizing object | cable_carrier_M4_-81
Fra:1 Mem:59.16M (Peak 59.16M) | Time:00:00.00 | Mem:0.00M, Peak:0.00M | Scene, ViewLayer | Synchronizing object | cable_pivot_plate
Fra:1 Mem:59.21M (Peak 59.21M) | Time:00:00.00 | Mem:0.00M, Peak:0.00M | Scene, ViewLayer | Synchronizing object | cable_swing_frame
Fra:1 Mem:59.72M (Peak 59.72M) | Time:00:00.00 | Mem:0.00M, Peak:0.00M | Scene, ViewLayer | Synchronizing object | cable_moving_jaw
Fra:1 Mem:60.07M (Peak 60.07M) | Time:00:00.00 | Mem:0.00M, Peak:0.00M | Scene, ViewLayer | Synchronizing object | cable_lower_pad
Fra:1 Mem:60.40M (Peak 60.40M) | Time:00:00.00 | Mem:0.00M, Peak:0.00M | Scene, ViewLayer | Synchronizing object | cable_thumbwheel
Fra:1 Mem:60.56M (Peak 60.56M) | Time:00:00.00 | Mem:0.00M, Peak:0.00M | Scene, ViewLayer | Synchronizing object | QD_retention_71
Fra:1 Mem:61.02M (Peak 61.02M) | Time:00:00.00 | Mem:0.00M, Peak:0.00M | Scene, ViewLayer | Synchronizing object | QD_retention_89
Fra:1 Mem:61.78M (Peak 61.78M) | Time:00:00.00 | Mem:0.00M, Peak:0.00M | Scene, ViewLayer | Synchronizing object | lens_slider_-25
Fra:1 Mem:61.98M (Peak 61.98M) | Time:00:00.00 | Mem:0.00M, Peak:0.00M | Scene, ViewLayer | Synchronizing object | lens_slider_-9
Fra:1 Mem:63.90M (Peak 63.90M) | Time:00:00.00 | Mem:0.00M, Peak:0.00M | Scene, ViewLayer | Synchronizing object | side_lug_bridge
Fra:1 Mem:63.97M (Peak 63.97M) | Time:00:00.00 | Mem:0.00M, Peak:0.00M | Scene, ViewLayer | Synchronizing object | side_bridge_clamp
Fra:1 Mem:76.39M (Peak 76.39M) | Time:00:00.00 | Mem:0.00M, Peak:0.00M | Scene, ViewLayer | Initializing
Fra:1 Mem:74.42M (Peak 76.39M) | Time:00:00.00 | Mem:0.00M, Peak:0.00M | Scene, ViewLayer | Waiting for render to start
Fra:1 Mem:74.42M (Peak 76.39M) | Time:00:00.00 | Mem:0.00M, Peak:0.00M | Scene, ViewLayer | Loading render kernels (may take a few minutes the first time)
Fra:1 Mem:74.42M (Peak 76.39M) | Time:00:00.00 | Mem:0.00M, Peak:0.00M | Scene, ViewLayer | Updating Scene
Fra:1 Mem:74.42M (Peak 76.39M) | Time:00:00.00 | Mem:0.00M, Peak:0.00M | Scene, ViewLayer | Updating Shaders
Fra:1 Mem:74.51M (Peak 76.39M) | Time:00:00.00 | Mem:0.00M, Peak:0.00M | Scene, ViewLayer | Updating Procedurals
Fra:1 Mem:74.51M (Peak 76.39M) | Time:00:00.00 | Mem:0.00M, Peak:0.00M | Scene, ViewLayer | Updating Background
Fra:1 Mem:74.51M (Peak 76.39M) | Time:00:00.00 | Mem:0.00M, Peak:0.00M | Scene, ViewLayer | Updating Camera
Fra:1 Mem:74.51M (Peak 76.39M) | Time:00:00.00 | Mem:0.00M, Peak:0.00M | Scene, ViewLayer | Updating Meshes Flags
Fra:1 Mem:74.51M (Peak 76.39M) | Time:00:00.00 | Mem:0.00M, Peak:0.00M | Scene, ViewLayer | Updating Objects
Fra:1 Mem:74.51M (Peak 76.39M) | Time:00:00.00 | Mem:0.00M, Peak:0.00M | Scene, ViewLayer | Updating Objects | Copying Transformations to device
Fra:1 Mem:74.52M (Peak 76.39M) | Time:00:00.00 | Mem:0.02M, Peak:0.02M | Scene, ViewLayer | Updating Objects | Applying Static Transformations
Fra:1 Mem:74.52M (Peak 76.39M) | Time:00:00.00 | Mem:0.02M, Peak:0.02M | Scene, ViewLayer | Updating Particle Systems
Fra:1 Mem:74.52M (Peak 76.39M) | Time:00:00.00 | Mem:0.02M, Peak:0.02M | Scene, ViewLayer | Updating Particle Systems | Copying Particles to device
Fra:1 Mem:74.52M (Peak 76.39M) | Time:00:00.00 | Mem:0.02M, Peak:0.02M | Scene, ViewLayer | Updating Meshes
Fra:1 Mem:79.90M (Peak 79.90M) | Time:00:00.01 | Mem:0.02M, Peak:0.02M | Scene, ViewLayer | Updating Mesh | Computing attributes
Fra:1 Mem:82.92M (Peak 82.92M) | Time:00:00.01 | Mem:0.02M, Peak:0.02M | Scene, ViewLayer | Updating Mesh | Copying Attributes to device
Fra:1 Mem:82.91M (Peak 82.92M) | Time:00:00.01 | Mem:3.03M, Peak:3.03M | Scene, ViewLayer | Updating Scene BVH | Building
Fra:1 Mem:82.91M (Peak 82.92M) | Time:00:00.01 | Mem:3.03M, Peak:3.03M | Scene, ViewLayer | Updating Scene BVH | Building BVH
Fra:1 Mem:82.91M (Peak 82.92M) | Time:00:00.01 | Mem:13.78M, Peak:13.78M | Scene, ViewLayer | Updating Scene BVH | Building BVH 0%
Fra:1 Mem:82.91M (Peak 82.92M) | Time:00:00.02 | Mem:25.48M, Peak:36.24M | Scene, ViewLayer | Updating Scene BVH | Copying BVH to device
Fra:1 Mem:82.91M (Peak 82.92M) | Time:00:00.02 | Mem:25.48M, Peak:36.24M | Scene, ViewLayer | Updating Mesh | Computing normals
Fra:1 Mem:97.65M (Peak 97.65M) | Time:00:00.03 | Mem:25.48M, Peak:36.24M | Scene, ViewLayer | Updating Mesh | Copying Mesh to device
Fra:1 Mem:97.65M (Peak 97.65M) | Time:00:00.03 | Mem:40.23M, Peak:40.23M | Scene, ViewLayer | Updating Objects Flags
Fra:1 Mem:97.65M (Peak 97.65M) | Time:00:00.03 | Mem:40.23M, Peak:40.23M | Scene, ViewLayer | Updating Primitive Offsets
Fra:1 Mem:97.65M (Peak 97.65M) | Time:00:00.03 | Mem:40.23M, Peak:40.23M | Scene, ViewLayer | Updating Images
Fra:1 Mem:97.65M (Peak 97.65M) | Time:00:00.03 | Mem:40.23M, Peak:40.23M | Scene, ViewLayer | Updating Camera Volume
Fra:1 Mem:97.65M (Peak 97.65M) | Time:00:00.03 | Mem:40.23M, Peak:40.23M | Scene, ViewLayer | Updating Lookup Tables
Fra:1 Mem:97.65M (Peak 97.65M) | Time:00:00.03 | Mem:40.31M, Peak:40.31M | Scene, ViewLayer | Updating Lights
Fra:1 Mem:97.65M (Peak 97.65M) | Time:00:00.03 | Mem:40.31M, Peak:40.31M | Scene, ViewLayer | Updating Lights | Computing tree
Fra:1 Mem:97.65M (Peak 97.65M) | Time:00:00.03 | Mem:40.31M, Peak:40.31M | Scene, ViewLayer | Updating Integrator
Fra:1 Mem:97.65M (Peak 97.65M) | Time:00:00.03 | Mem:40.31M, Peak:40.31M | Scene, ViewLayer | Updating Film
Fra:1 Mem:97.66M (Peak 97.66M) | Time:00:00.03 | Mem:40.23M, Peak:40.31M | Scene, ViewLayer | Updating Lookup Tables
Fra:1 Mem:97.66M (Peak 97.66M) | Time:00:00.03 | Mem:40.31M, Peak:40.31M | Scene, ViewLayer | Updating Baking
Fra:1 Mem:97.66M (Peak 97.66M) | Time:00:00.03 | Mem:40.31M, Peak:40.31M | Scene, ViewLayer | Updating Device | Writing constant memory
Fra:1 Mem:97.66M (Peak 97.66M) | Time:00:00.03 | Mem:40.31M, Peak:40.31M | Scene, ViewLayer | Loading denoising kernels (may take a few minutes the first time)
Fra:1 Mem:97.66M (Peak 97.66M) | Time:00:00.03 | Mem:40.31M, Peak:40.31M | Scene, ViewLayer | Sample 0/40
Fra:1 Mem:280.72M (Peak 280.72M) | Time:00:00.20 | Remaining:00:06.76 | Mem:222.96M, Peak:222.96M | Scene, ViewLayer | Sample 1/40
Fra:1 Mem:357.63M (Peak 472.99M) | Time:00:09.94 | Mem:222.96M, Peak:222.96M | Scene, ViewLayer | Sample 40/40
Fra:1 Mem:357.63M (Peak 472.99M) | Time:00:09.94 | Mem:222.96M, Peak:222.96M | Scene, ViewLayer | Finished
Saved: 'C:\nikon_cage_cad\renders\r2\13_top.png'
Time: 00:10.16 (Saving: 00:00.20)

RENDER 14_bottom_ortho
Fra:1 Mem:58.63M (Peak 58.63M) | Time:00:00.00 | Mem:0.00M, Peak:0.00M | Scene, ViewLayer | Synchronizing object | left_top_clamp_screw
Fra:1 Mem:58.64M (Peak 58.64M) | Time:00:00.00 | Mem:0.00M, Peak:0.00M | Scene, ViewLayer | Synchronizing object | left_base_clamp_screw
Fra:1 Mem:58.69M (Peak 58.69M) | Time:00:00.00 | Mem:0.00M, Peak:0.00M | Scene, ViewLayer | Synchronizing object | right_top_retainer
Fra:1 Mem:58.78M (Peak 58.78M) | Time:00:00.00 | Mem:0.00M, Peak:0.00M | Scene, ViewLayer | Synchronizing object | pad_-48_16
Fra:1 Mem:58.83M (Peak 58.83M) | Time:00:00.00 | Mem:0.00M, Peak:0.00M | Scene, ViewLayer | Synchronizing object | top_plate
Fra:1 Mem:58.83M (Peak 58.83M) | Time:00:00.00 | Mem:0.00M, Peak:0.00M | Scene, ViewLayer | Synchronizing object | cold_shoe_screw_-12
Fra:1 Mem:58.83M (Peak 58.83M) | Time:00:00.00 | Mem:0.00M, Peak:0.00M | Scene, ViewLayer | Synchronizing object | side_NATO_stop_71
Fra:1 Mem:58.87M (Peak 58.87M) | Time:00:00.00 | Mem:0.00M, Peak:0.00M | Scene, ViewLayer | Synchronizing object | cable_mount
Fra:1 Mem:58.90M (Peak 58.90M) | Time:00:00.00 | Mem:0.00M, Peak:0.00M | Scene, ViewLayer | Synchronizing object | cable_carrier_M4_-95
Fra:1 Mem:59.04M (Peak 59.04M) | Time:00:00.00 | Mem:0.00M, Peak:0.00M | Scene, ViewLayer | Synchronizing object | cable_carrier_M4_-81
Fra:1 Mem:59.13M (Peak 59.13M) | Time:00:00.00 | Mem:0.00M, Peak:0.00M | Scene, ViewLayer | Synchronizing object | cable_pivot_plate
Fra:1 Mem:59.56M (Peak 59.56M) | Time:00:00.00 | Mem:0.00M, Peak:0.00M | Scene, ViewLayer | Synchronizing object | cable_swing_frame
Fra:1 Mem:59.68M (Peak 59.68M) | Time:00:00.00 | Mem:0.00M, Peak:0.00M | Scene, ViewLayer | Synchronizing object | M2_5_lug_fastener
Fra:1 Mem:60.59M (Peak 60.59M) | Time:00:00.00 | Mem:0.00M, Peak:0.00M | Scene, ViewLayer | Synchronizing object | cable_thumbwheel
Fra:1 Mem:61.28M (Peak 61.28M) | Time:00:00.00 | Mem:0.00M, Peak:0.00M | Scene, ViewLayer | Synchronizing object | side_bridge_clamp
Fra:1 Mem:62.29M (Peak 62.29M) | Time:00:00.00 | Mem:0.00M, Peak:0.00M | Scene, ViewLayer | Synchronizing object | QD_socket_insert
Fra:1 Mem:62.32M (Peak 62.32M) | Time:00:00.00 | Mem:0.00M, Peak:0.00M | Scene, ViewLayer | Synchronizing object | QD_retention_71
Fra:1 Mem:62.62M (Peak 62.62M) | Time:00:00.00 | Mem:0.00M, Peak:0.00M | Scene, ViewLayer | Synchronizing object | QD_retention_89
Fra:1 Mem:62.86M (Peak 62.86M) | Time:00:00.00 | Mem:0.00M, Peak:0.00M | Scene, ViewLayer | Synchronizing object | lens_slider_-9
Fra:1 Mem:63.15M (Peak 63.15M) | Time:00:00.00 | Mem:0.00M, Peak:0.00M | Scene, ViewLayer | Synchronizing object | lens_adapter_support
Fra:1 Mem:63.84M (Peak 63.84M) | Time:00:00.00 | Mem:0.00M, Peak:0.00M | Scene, ViewLayer | Synchronizing object | lens_support_lock
Fra:1 Mem:65.35M (Peak 65.35M) | Time:00:00.00 | Mem:0.00M, Peak:0.00M | Scene, ViewLayer | Synchronizing object | side_lug_bridge
Fra:1 Mem:76.39M (Peak 77.13M) | Time:00:00.00 | Mem:0.00M, Peak:0.00M | Scene, ViewLayer | Initializing
Fra:1 Mem:74.42M (Peak 77.13M) | Time:00:00.00 | Mem:0.00M, Peak:0.00M | Scene, ViewLayer | Waiting for render to start
Fra:1 Mem:74.42M (Peak 77.13M) | Time:00:00.00 | Mem:0.00M, Peak:0.00M | Scene, ViewLayer | Loading render kernels (may take a few minutes the first time)
Fra:1 Mem:74.42M (Peak 77.13M) | Time:00:00.00 | Mem:0.00M, Peak:0.00M | Scene, ViewLayer | Updating Scene
Fra:1 Mem:74.42M (Peak 77.13M) | Time:00:00.00 | Mem:0.00M, Peak:0.00M | Scene, ViewLayer | Updating Shaders
Fra:1 Mem:74.51M (Peak 77.13M) | Time:00:00.01 | Mem:0.00M, Peak:0.00M | Scene, ViewLayer | Updating Procedurals
Fra:1 Mem:74.51M (Peak 77.13M) | Time:00:00.01 | Mem:0.00M, Peak:0.00M | Scene, ViewLayer | Updating Background
Fra:1 Mem:74.51M (Peak 77.13M) | Time:00:00.01 | Mem:0.00M, Peak:0.00M | Scene, ViewLayer | Updating Camera
Fra:1 Mem:74.51M (Peak 77.13M) | Time:00:00.01 | Mem:0.00M, Peak:0.00M | Scene, ViewLayer | Updating Meshes Flags
Fra:1 Mem:74.51M (Peak 77.13M) | Time:00:00.01 | Mem:0.00M, Peak:0.00M | Scene, ViewLayer | Updating Objects
Fra:1 Mem:74.51M (Peak 77.13M) | Time:00:00.01 | Mem:0.00M, Peak:0.00M | Scene, ViewLayer | Updating Objects | Copying Transformations to device
Fra:1 Mem:74.52M (Peak 77.13M) | Time:00:00.01 | Mem:0.02M, Peak:0.02M | Scene, ViewLayer | Updating Objects | Applying Static Transformations
Fra:1 Mem:74.52M (Peak 77.13M) | Time:00:00.01 | Mem:0.02M, Peak:0.02M | Scene, ViewLayer | Updating Particle Systems
Fra:1 Mem:74.52M (Peak 77.13M) | Time:00:00.01 | Mem:0.02M, Peak:0.02M | Scene, ViewLayer | Updating Particle Systems | Copying Particles to device
Fra:1 Mem:74.52M (Peak 77.13M) | Time:00:00.01 | Mem:0.02M, Peak:0.02M | Scene, ViewLayer | Updating Meshes
Fra:1 Mem:79.90M (Peak 79.90M) | Time:00:00.01 | Mem:0.02M, Peak:0.02M | Scene, ViewLayer | Updating Mesh | Computing attributes
Fra:1 Mem:82.92M (Peak 82.92M) | Time:00:00.01 | Mem:0.02M, Peak:0.02M | Scene, ViewLayer | Updating Mesh | Copying Attributes to device
Fra:1 Mem:82.91M (Peak 82.92M) | Time:00:00.01 | Mem:3.03M, Peak:3.03M | Scene, ViewLayer | Updating Scene BVH | Building
Fra:1 Mem:82.91M (Peak 82.92M) | Time:00:00.01 | Mem:3.03M, Peak:3.03M | Scene, ViewLayer | Updating Scene BVH | Building BVH
Fra:1 Mem:82.91M (Peak 82.92M) | Time:00:00.01 | Mem:13.78M, Peak:13.78M | Scene, ViewLayer | Updating Scene BVH | Building BVH 0%
Fra:1 Mem:82.91M (Peak 82.92M) | Time:00:00.02 | Mem:25.48M, Peak:36.24M | Scene, ViewLayer | Updating Scene BVH | Copying BVH to device
Fra:1 Mem:82.91M (Peak 82.92M) | Time:00:00.02 | Mem:25.48M, Peak:36.24M | Scene, ViewLayer | Updating Mesh | Computing normals
Fra:1 Mem:97.65M (Peak 97.65M) | Time:00:00.03 | Mem:25.48M, Peak:36.24M | Scene, ViewLayer | Updating Mesh | Copying Mesh to device
Fra:1 Mem:97.65M (Peak 97.65M) | Time:00:00.03 | Mem:40.23M, Peak:40.23M | Scene, ViewLayer | Updating Objects Flags
Fra:1 Mem:97.65M (Peak 97.65M) | Time:00:00.03 | Mem:40.23M, Peak:40.23M | Scene, ViewLayer | Updating Primitive Offsets
Fra:1 Mem:97.65M (Peak 97.65M) | Time:00:00.03 | Mem:40.23M, Peak:40.23M | Scene, ViewLayer | Updating Images
Fra:1 Mem:97.65M (Peak 97.65M) | Time:00:00.03 | Mem:40.23M, Peak:40.23M | Scene, ViewLayer | Updating Camera Volume
Fra:1 Mem:97.65M (Peak 97.65M) | Time:00:00.03 | Mem:40.23M, Peak:40.23M | Scene, ViewLayer | Updating Lookup Tables
Fra:1 Mem:97.65M (Peak 97.65M) | Time:00:00.03 | Mem:40.31M, Peak:40.31M | Scene, ViewLayer | Updating Lights
Fra:1 Mem:97.65M (Peak 97.65M) | Time:00:00.03 | Mem:40.31M, Peak:40.31M | Scene, ViewLayer | Updating Lights | Computing tree
Fra:1 Mem:97.65M (Peak 97.65M) | Time:00:00.03 | Mem:40.31M, Peak:40.31M | Scene, ViewLayer | Updating Integrator
Fra:1 Mem:97.65M (Peak 97.65M) | Time:00:00.03 | Mem:40.31M, Peak:40.31M | Scene, ViewLayer | Updating Film
Fra:1 Mem:97.66M (Peak 97.66M) | Time:00:00.03 | Mem:40.23M, Peak:40.31M | Scene, ViewLayer | Updating Lookup Tables
Fra:1 Mem:97.66M (Peak 97.66M) | Time:00:00.03 | Mem:40.31M, Peak:40.31M | Scene, ViewLayer | Updating Baking
Fra:1 Mem:97.66M (Peak 97.66M) | Time:00:00.03 | Mem:40.31M, Peak:40.31M | Scene, ViewLayer | Updating Device | Writing constant memory
Fra:1 Mem:97.66M (Peak 97.66M) | Time:00:00.03 | Mem:40.31M, Peak:40.31M | Scene, ViewLayer | Loading denoising kernels (may take a few minutes the first time)
Fra:1 Mem:97.66M (Peak 97.66M) | Time:00:00.03 | Mem:40.31M, Peak:40.31M | Scene, ViewLayer | Sample 0/40
Fra:1 Mem:280.72M (Peak 280.72M) | Time:00:00.15 | Remaining:00:04.66 | Mem:222.96M, Peak:222.96M | Scene, ViewLayer | Sample 1/40
Fra:1 Mem:357.63M (Peak 472.99M) | Time:00:08.20 | Mem:222.96M, Peak:222.96M | Scene, ViewLayer | Sample 40/40
Fra:1 Mem:357.63M (Peak 472.99M) | Time:00:08.20 | Mem:222.96M, Peak:222.96M | Scene, ViewLayer | Finished
Saved: 'C:\nikon_cage_cad\renders\r2\14_bottom_ortho.png'
Time: 00:08.42 (Saving: 00:00.21)

RENDER 15_top_detail
Fra:1 Mem:58.63M (Peak 58.63M) | Time:00:00.00 | Mem:0.00M, Peak:0.00M | Scene, ViewLayer | Synchronizing object | left_top_clamp_screw
Fra:1 Mem:58.71M (Peak 58.71M) | Time:00:00.00 | Mem:0.00M, Peak:0.00M | Scene, ViewLayer | Synchronizing object | left_upright
Fra:1 Mem:58.78M (Peak 58.78M) | Time:00:00.00 | Mem:0.00M, Peak:0.00M | Scene, ViewLayer | Synchronizing object | left_top_retainer
Fra:1 Mem:58.78M (Peak 58.78M) | Time:00:00.00 | Mem:0.00M, Peak:0.00M | Scene, ViewLayer | Synchronizing object | left_top_axial_screw
Fra:1 Mem:58.83M (Peak 58.83M) | Time:00:00.00 | Mem:0.00M, Peak:0.00M | Scene, ViewLayer | Synchronizing object | right_top_axial_screw
Fra:1 Mem:58.90M (Peak 58.90M) | Time:00:00.00 | Mem:0.00M, Peak:0.00M | Scene, ViewLayer | Synchronizing object | tool_magnet
Fra:1 Mem:58.94M (Peak 58.94M) | Time:00:00.00 | Mem:0.00M, Peak:0.00M | Scene, ViewLayer | Synchronizing object | cold_shoe_screw_-23
Fra:1 Mem:59.00M (Peak 59.00M) | Time:00:00.00 | Mem:0.00M, Peak:0.00M | Scene, ViewLayer | Synchronizing object | side_NATO_stop_71
Fra:1 Mem:59.06M (Peak 59.06M) | Time:00:00.00 | Mem:0.00M, Peak:0.00M | Scene, ViewLayer | Synchronizing object | cable_carrier_M4_-95
Fra:1 Mem:59.09M (Peak 59.09M) | Time:00:00.00 | Mem:0.00M, Peak:0.00M | Scene, ViewLayer | Synchronizing object | cable_carrier_M4_-81
Fra:1 Mem:59.17M (Peak 59.17M) | Time:00:00.00 | Mem:0.00M, Peak:0.00M | Scene, ViewLayer | Synchronizing object | cable_swing_frame
Fra:1 Mem:59.19M (Peak 59.19M) | Time:00:00.00 | Mem:0.00M, Peak:0.00M | Scene, ViewLayer | Synchronizing object | cable_moving_jaw
Fra:1 Mem:59.62M (Peak 59.62M) | Time:00:00.00 | Mem:0.00M, Peak:0.00M | Scene, ViewLayer | Synchronizing object | cable_lower_pad
Fra:1 Mem:59.68M (Peak 59.68M) | Time:00:00.00 | Mem:0.00M, Peak:0.00M | Scene, ViewLayer | Synchronizing object | M2_5_lug_fastener
Fra:1 Mem:59.95M (Peak 59.95M) | Time:00:00.00 | Mem:0.00M, Peak:0.00M | Scene, ViewLayer | Synchronizing object | cable_upper_pad
Fra:1 Mem:59.99M (Peak 59.99M) | Time:00:00.00 | Mem:0.00M, Peak:0.00M | Scene, ViewLayer | Synchronizing object | side_bridge_clamp
Fra:1 Mem:60.16M (Peak 60.16M) | Time:00:00.00 | Mem:0.00M, Peak:0.00M | Scene, ViewLayer | Synchronizing object | cable_thumbwheel
Fra:1 Mem:60.16M (Peak 60.16M) | Time:00:00.00 | Mem:0.00M, Peak:0.00M | Scene, ViewLayer | Synchronizing object | QD_socket_insert
Fra:1 Mem:60.31M (Peak 60.31M) | Time:00:00.00 | Mem:0.00M, Peak:0.00M | Scene, ViewLayer | Synchronizing object | QD_retention_71
Fra:1 Mem:62.76M (Peak 62.77M) | Time:00:00.00 | Mem:0.00M, Peak:0.00M | Scene, ViewLayer | Synchronizing object | QD_retention_89
Fra:1 Mem:63.15M (Peak 63.15M) | Time:00:00.00 | Mem:0.00M, Peak:0.00M | Scene, ViewLayer | Synchronizing object | lens_slider_-25
Fra:1 Mem:64.82M (Peak 64.82M) | Time:00:00.00 | Mem:0.00M, Peak:0.00M | Scene, ViewLayer | Synchronizing object | lens_slider_-9
Fra:1 Mem:64.91M (Peak 64.91M) | Time:00:00.00 | Mem:0.00M, Peak:0.00M | Scene, ViewLayer | Synchronizing object | lens_adapter_support
Fra:1 Mem:64.93M (Peak 64.93M) | Time:00:00.00 | Mem:0.00M, Peak:0.00M | Scene, ViewLayer | Synchronizing object | lens_support_lock
Fra:1 Mem:71.40M (Peak 71.40M) | Time:00:00.00 | Mem:0.00M, Peak:0.00M | Scene, ViewLayer | Synchronizing object | side_lug_bridge
Fra:1 Mem:76.39M (Peak 76.75M) | Time:00:00.00 | Mem:0.00M, Peak:0.00M | Scene, ViewLayer | Initializing
Fra:1 Mem:74.42M (Peak 76.75M) | Time:00:00.00 | Mem:0.00M, Peak:0.00M | Scene, ViewLayer | Waiting for render to start
Fra:1 Mem:74.42M (Peak 76.75M) | Time:00:00.00 | Mem:0.00M, Peak:0.00M | Scene, ViewLayer | Loading render kernels (may take a few minutes the first time)
Fra:1 Mem:74.42M (Peak 76.75M) | Time:00:00.00 | Mem:0.00M, Peak:0.00M | Scene, ViewLayer | Updating Scene
Fra:1 Mem:74.42M (Peak 76.75M) | Time:00:00.00 | Mem:0.00M, Peak:0.00M | Scene, ViewLayer | Updating Shaders
Fra:1 Mem:74.51M (Peak 76.75M) | Time:00:00.00 | Mem:0.00M, Peak:0.00M | Scene, ViewLayer | Updating Procedurals
Fra:1 Mem:74.51M (Peak 76.75M) | Time:00:00.00 | Mem:0.00M, Peak:0.00M | Scene, ViewLayer | Updating Background
Fra:1 Mem:74.51M (Peak 76.75M) | Time:00:00.00 | Mem:0.00M, Peak:0.00M | Scene, ViewLayer | Updating Camera
Fra:1 Mem:74.51M (Peak 76.75M) | Time:00:00.00 | Mem:0.00M, Peak:0.00M | Scene, ViewLayer | Updating Meshes Flags
Fra:1 Mem:74.51M (Peak 76.75M) | Time:00:00.00 | Mem:0.00M, Peak:0.00M | Scene, ViewLayer | Updating Objects
Fra:1 Mem:74.51M (Peak 76.75M) | Time:00:00.00 | Mem:0.00M, Peak:0.00M | Scene, ViewLayer | Updating Objects | Copying Transformations to device
Fra:1 Mem:74.52M (Peak 76.75M) | Time:00:00.00 | Mem:0.02M, Peak:0.02M | Scene, ViewLayer | Updating Objects | Applying Static Transformations
Fra:1 Mem:74.52M (Peak 76.75M) | Time:00:00.00 | Mem:0.02M, Peak:0.02M | Scene, ViewLayer | Updating Particle Systems
Fra:1 Mem:74.52M (Peak 76.75M) | Time:00:00.00 | Mem:0.02M, Peak:0.02M | Scene, ViewLayer | Updating Particle Systems | Copying Particles to device
Fra:1 Mem:74.52M (Peak 76.75M) | Time:00:00.00 | Mem:0.02M, Peak:0.02M | Scene, ViewLayer | Updating Meshes
Fra:1 Mem:79.90M (Peak 79.90M) | Time:00:00.01 | Mem:0.02M, Peak:0.02M | Scene, ViewLayer | Updating Mesh | Computing attributes
Fra:1 Mem:82.92M (Peak 82.92M) | Time:00:00.01 | Mem:0.02M, Peak:0.02M | Scene, ViewLayer | Updating Mesh | Copying Attributes to device
Fra:1 Mem:82.91M (Peak 82.92M) | Time:00:00.01 | Mem:3.03M, Peak:3.03M | Scene, ViewLayer | Updating Scene BVH | Building
Fra:1 Mem:82.91M (Peak 82.92M) | Time:00:00.01 | Mem:3.03M, Peak:3.03M | Scene, ViewLayer | Updating Scene BVH | Building BVH
Fra:1 Mem:82.91M (Peak 82.92M) | Time:00:00.01 | Mem:13.78M, Peak:13.78M | Scene, ViewLayer | Updating Scene BVH | Building BVH 0%
Fra:1 Mem:82.91M (Peak 82.92M) | Time:00:00.02 | Mem:25.48M, Peak:36.24M | Scene, ViewLayer | Updating Scene BVH | Copying BVH to device
Fra:1 Mem:82.91M (Peak 82.92M) | Time:00:00.02 | Mem:25.48M, Peak:36.24M | Scene, ViewLayer | Updating Mesh | Computing normals
Fra:1 Mem:97.65M (Peak 97.65M) | Time:00:00.03 | Mem:25.48M, Peak:36.24M | Scene, ViewLayer | Updating Mesh | Copying Mesh to device
Fra:1 Mem:97.65M (Peak 97.65M) | Time:00:00.03 | Mem:40.23M, Peak:40.23M | Scene, ViewLayer | Updating Objects Flags
Fra:1 Mem:97.65M (Peak 97.65M) | Time:00:00.03 | Mem:40.23M, Peak:40.23M | Scene, ViewLayer | Updating Primitive Offsets
Fra:1 Mem:97.65M (Peak 97.65M) | Time:00:00.03 | Mem:40.23M, Peak:40.23M | Scene, ViewLayer | Updating Images
Fra:1 Mem:97.65M (Peak 97.65M) | Time:00:00.03 | Mem:40.23M, Peak:40.23M | Scene, ViewLayer | Updating Camera Volume
Fra:1 Mem:97.65M (Peak 97.65M) | Time:00:00.03 | Mem:40.23M, Peak:40.23M | Scene, ViewLayer | Updating Lookup Tables
Fra:1 Mem:97.65M (Peak 97.65M) | Time:00:00.03 | Mem:40.31M, Peak:40.31M | Scene, ViewLayer | Updating Lights
Fra:1 Mem:97.65M (Peak 97.65M) | Time:00:00.03 | Mem:40.31M, Peak:40.31M | Scene, ViewLayer | Updating Lights | Computing tree
Fra:1 Mem:97.65M (Peak 97.65M) | Time:00:00.03 | Mem:40.31M, Peak:40.31M | Scene, ViewLayer | Updating Integrator
Fra:1 Mem:97.65M (Peak 97.65M) | Time:00:00.03 | Mem:40.31M, Peak:40.31M | Scene, ViewLayer | Updating Film
Fra:1 Mem:97.66M (Peak 97.66M) | Time:00:00.03 | Mem:40.23M, Peak:40.31M | Scene, ViewLayer | Updating Lookup Tables
Fra:1 Mem:97.66M (Peak 97.66M) | Time:00:00.03 | Mem:40.31M, Peak:40.31M | Scene, ViewLayer | Updating Baking
Fra:1 Mem:97.66M (Peak 97.66M) | Time:00:00.03 | Mem:40.31M, Peak:40.31M | Scene, ViewLayer | Updating Device | Writing constant memory
Fra:1 Mem:97.66M (Peak 97.66M) | Time:00:00.03 | Mem:40.31M, Peak:40.31M | Scene, ViewLayer | Loading denoising kernels (may take a few minutes the first time)
Fra:1 Mem:97.66M (Peak 97.66M) | Time:00:00.03 | Mem:40.31M, Peak:40.31M | Scene, ViewLayer | Sample 0/40
Fra:1 Mem:280.72M (Peak 280.72M) | Time:00:00.26 | Remaining:00:09.03 | Mem:222.96M, Peak:222.96M | Scene, ViewLayer | Sample 1/40
Fra:1 Mem:357.63M (Peak 472.99M) | Time:00:12.45 | Mem:222.96M, Peak:222.96M | Scene, ViewLayer | Sample 40/40
Fra:1 Mem:357.63M (Peak 472.99M) | Time:00:12.45 | Mem:222.96M, Peak:222.96M | Scene, ViewLayer | Finished
Saved: 'C:\nikon_cage_cad\renders\r2\15_top_detail.png'
Time: 00:12.68 (Saving: 00:00.21)

RENDER 16_clamp_detail
Fra:1 Mem:58.63M (Peak 58.63M) | Time:00:00.00 | Mem:0.00M, Peak:0.00M | Scene, ViewLayer | Synchronizing object | left_top_clamp_screw
Fra:1 Mem:58.64M (Peak 58.64M) | Time:00:00.00 | Mem:0.00M, Peak:0.00M | Scene, ViewLayer | Synchronizing object | left_top_retainer
Fra:1 Mem:58.71M (Peak 58.71M) | Time:00:00.00 | Mem:0.00M, Peak:0.00M | Scene, ViewLayer | Synchronizing object | right_top_retainer
Fra:1 Mem:58.76M (Peak 58.76M) | Time:00:00.00 | Mem:0.00M, Peak:0.00M | Scene, ViewLayer | Synchronizing object | pad_-48_16
Fra:1 Mem:58.79M (Peak 58.79M) | Time:00:00.00 | Mem:0.00M, Peak:0.00M | Scene, ViewLayer | Synchronizing object | pad_-7_-16
Fra:1 Mem:59.42M (Peak 59.42M) | Time:00:00.00 | Mem:0.00M, Peak:0.00M | Scene, ViewLayer | Synchronizing object | side_NATO_stop_29
Fra:1 Mem:59.73M (Peak 59.73M) | Time:00:00.00 | Mem:0.00M, Peak:0.00M | Scene, ViewLayer | Synchronizing object | cable_carrier_M4_-95
Fra:1 Mem:59.98M (Peak 59.98M) | Time:00:00.00 | Mem:0.00M, Peak:0.00M | Scene, ViewLayer | Synchronizing object | cable_carrier_M4_-81
Fra:1 Mem:60.03M (Peak 60.03M) | Time:00:00.00 | Mem:0.00M, Peak:0.00M | Scene, ViewLayer | Synchronizing object | cable_pivot_plate
Fra:1 Mem:60.46M (Peak 60.46M) | Time:00:00.00 | Mem:0.00M, Peak:0.00M | Scene, ViewLayer | Synchronizing object | cable_swing_frame
Fra:1 Mem:60.61M (Peak 60.61M) | Time:00:00.00 | Mem:0.00M, Peak:0.00M | Scene, ViewLayer | Synchronizing object | M2_5_lug_fastener
Fra:1 Mem:61.36M (Peak 61.36M) | Time:00:00.00 | Mem:0.00M, Peak:0.00M | Scene, ViewLayer | Synchronizing object | cable_lower_pad
Fra:1 Mem:61.64M (Peak 61.64M) | Time:00:00.00 | Mem:0.00M, Peak:0.00M | Scene, ViewLayer | Synchronizing object | cable_thumbwheel
Fra:1 Mem:61.86M (Peak 61.86M) | Time:00:00.00 | Mem:0.00M, Peak:0.00M | Scene, ViewLayer | Synchronizing object | QD_socket_insert
Fra:1 Mem:62.00M (Peak 62.00M) | Time:00:00.00 | Mem:0.00M, Peak:0.00M | Scene, ViewLayer | Synchronizing object | QD_retention_71
Fra:1 Mem:63.03M (Peak 63.03M) | Time:00:00.00 | Mem:0.00M, Peak:0.00M | Scene, ViewLayer | Synchronizing object | QD_retention_89
Fra:1 Mem:63.14M (Peak 63.14M) | Time:00:00.00 | Mem:0.00M, Peak:0.00M | Scene, ViewLayer | Synchronizing object | lens_slider_-25
Fra:1 Mem:63.54M (Peak 63.54M) | Time:00:00.00 | Mem:0.00M, Peak:0.00M | Scene, ViewLayer | Synchronizing object | lens_slider_-9
Fra:1 Mem:63.54M (Peak 63.54M) | Time:00:00.00 | Mem:0.00M, Peak:0.00M | Scene, ViewLayer | Synchronizing object | lens_support_lock
Fra:1 Mem:65.57M (Peak 65.57M) | Time:00:00.00 | Mem:0.00M, Peak:0.00M | Scene, ViewLayer | Synchronizing object | side_lug_bridge
Fra:1 Mem:67.26M (Peak 67.26M) | Time:00:00.00 | Mem:0.00M, Peak:0.00M | Scene, ViewLayer | Synchronizing object | side_bridge_clamp
Fra:1 Mem:76.39M (Peak 77.31M) | Time:00:00.01 | Mem:0.00M, Peak:0.00M | Scene, ViewLayer | Initializing
Fra:1 Mem:74.42M (Peak 77.31M) | Time:00:00.01 | Mem:0.00M, Peak:0.00M | Scene, ViewLayer | Waiting for render to start
Fra:1 Mem:74.42M (Peak 77.31M) | Time:00:00.01 | Mem:0.00M, Peak:0.00M | Scene, ViewLayer | Loading render kernels (may take a few minutes the first time)
Fra:1 Mem:74.42M (Peak 77.31M) | Time:00:00.01 | Mem:0.00M, Peak:0.00M | Scene, ViewLayer | Updating Scene
Fra:1 Mem:74.42M (Peak 77.31M) | Time:00:00.01 | Mem:0.00M, Peak:0.00M | Scene, ViewLayer | Updating Shaders
Fra:1 Mem:74.51M (Peak 77.31M) | Time:00:00.01 | Mem:0.00M, Peak:0.00M | Scene, ViewLayer | Updating Procedurals
Fra:1 Mem:74.51M (Peak 77.31M) | Time:00:00.01 | Mem:0.00M, Peak:0.00M | Scene, ViewLayer | Updating Background
Fra:1 Mem:74.51M (Peak 77.31M) | Time:00:00.01 | Mem:0.00M, Peak:0.00M | Scene, ViewLayer | Updating Camera
Fra:1 Mem:74.51M (Peak 77.31M) | Time:00:00.01 | Mem:0.00M, Peak:0.00M | Scene, ViewLayer | Updating Meshes Flags
Fra:1 Mem:74.51M (Peak 77.31M) | Time:00:00.01 | Mem:0.00M, Peak:0.00M | Scene, ViewLayer | Updating Objects
Fra:1 Mem:74.51M (Peak 77.31M) | Time:00:00.01 | Mem:0.00M, Peak:0.00M | Scene, ViewLayer | Updating Objects | Copying Transformations to device
Fra:1 Mem:74.52M (Peak 77.31M) | Time:00:00.01 | Mem:0.02M, Peak:0.02M | Scene, ViewLayer | Updating Objects | Applying Static Transformations
Fra:1 Mem:74.52M (Peak 77.31M) | Time:00:00.01 | Mem:0.02M, Peak:0.02M | Scene, ViewLayer | Updating Particle Systems
Fra:1 Mem:74.52M (Peak 77.31M) | Time:00:00.01 | Mem:0.02M, Peak:0.02M | Scene, ViewLayer | Updating Particle Systems | Copying Particles to device
Fra:1 Mem:74.52M (Peak 77.31M) | Time:00:00.01 | Mem:0.02M, Peak:0.02M | Scene, ViewLayer | Updating Meshes
Fra:1 Mem:79.90M (Peak 79.90M) | Time:00:00.01 | Mem:0.02M, Peak:0.02M | Scene, ViewLayer | Updating Mesh | Computing attributes
Fra:1 Mem:82.92M (Peak 82.92M) | Time:00:00.01 | Mem:0.02M, Peak:0.02M | Scene, ViewLayer | Updating Mesh | Copying Attributes to device
Fra:1 Mem:82.91M (Peak 82.92M) | Time:00:00.01 | Mem:3.03M, Peak:3.03M | Scene, ViewLayer | Updating Scene BVH | Building
Fra:1 Mem:82.91M (Peak 82.92M) | Time:00:00.01 | Mem:3.03M, Peak:3.03M | Scene, ViewLayer | Updating Scene BVH | Building BVH
Fra:1 Mem:82.91M (Peak 82.92M) | Time:00:00.01 | Mem:13.78M, Peak:13.78M | Scene, ViewLayer | Updating Scene BVH | Building BVH 0%
Fra:1 Mem:82.91M (Peak 82.92M) | Time:00:00.02 | Mem:25.48M, Peak:36.24M | Scene, ViewLayer | Updating Scene BVH | Copying BVH to device
Fra:1 Mem:82.91M (Peak 82.92M) | Time:00:00.02 | Mem:25.48M, Peak:36.24M | Scene, ViewLayer | Updating Mesh | Computing normals
Fra:1 Mem:97.65M (Peak 97.65M) | Time:00:00.03 | Mem:25.48M, Peak:36.24M | Scene, ViewLayer | Updating Mesh | Copying Mesh to device
Fra:1 Mem:97.65M (Peak 97.65M) | Time:00:00.03 | Mem:40.23M, Peak:40.23M | Scene, ViewLayer | Updating Objects Flags
Fra:1 Mem:97.65M (Peak 97.65M) | Time:00:00.03 | Mem:40.23M, Peak:40.23M | Scene, ViewLayer | Updating Primitive Offsets
Fra:1 Mem:97.65M (Peak 97.65M) | Time:00:00.03 | Mem:40.23M, Peak:40.23M | Scene, ViewLayer | Updating Images
Fra:1 Mem:97.65M (Peak 97.65M) | Time:00:00.03 | Mem:40.23M, Peak:40.23M | Scene, ViewLayer | Updating Camera Volume
Fra:1 Mem:97.65M (Peak 97.65M) | Time:00:00.03 | Mem:40.23M, Peak:40.23M | Scene, ViewLayer | Updating Lookup Tables
Fra:1 Mem:97.65M (Peak 97.65M) | Time:00:00.03 | Mem:40.31M, Peak:40.31M | Scene, ViewLayer | Updating Lights
Fra:1 Mem:97.65M (Peak 97.65M) | Time:00:00.03 | Mem:40.31M, Peak:40.31M | Scene, ViewLayer | Updating Lights | Computing tree
Fra:1 Mem:97.65M (Peak 97.65M) | Time:00:00.03 | Mem:40.31M, Peak:40.31M | Scene, ViewLayer | Updating Integrator
Fra:1 Mem:97.65M (Peak 97.65M) | Time:00:00.03 | Mem:40.31M, Peak:40.31M | Scene, ViewLayer | Updating Film
Fra:1 Mem:97.66M (Peak 97.66M) | Time:00:00.03 | Mem:40.23M, Peak:40.31M | Scene, ViewLayer | Updating Lookup Tables
Fra:1 Mem:97.66M (Peak 97.66M) | Time:00:00.03 | Mem:40.31M, Peak:40.31M | Scene, ViewLayer | Updating Baking
Fra:1 Mem:97.66M (Peak 97.66M) | Time:00:00.03 | Mem:40.31M, Peak:40.31M | Scene, ViewLayer | Updating Device | Writing constant memory
Fra:1 Mem:97.66M (Peak 97.66M) | Time:00:00.03 | Mem:40.31M, Peak:40.31M | Scene, ViewLayer | Loading denoising kernels (may take a few minutes the first time)
Fra:1 Mem:97.66M (Peak 97.66M) | Time:00:00.03 | Mem:40.31M, Peak:40.31M | Scene, ViewLayer | Sample 0/40
Fra:1 Mem:280.72M (Peak 280.72M) | Time:00:00.31 | Remaining:00:10.86 | Mem:222.96M, Peak:222.96M | Scene, ViewLayer | Sample 1/40
Fra:1 Mem:357.63M (Peak 472.99M) | Time:00:14.65 | Mem:222.96M, Peak:222.96M | Scene, ViewLayer | Sample 40/40
Fra:1 Mem:357.63M (Peak 472.99M) | Time:00:14.65 | Mem:222.96M, Peak:222.96M | Scene, ViewLayer | Finished
Saved: 'C:\nikon_cage_cad\renders\r2\16_clamp_detail.png'
Time: 00:14.88 (Saving: 00:00.22)

Fra:1 Mem:58.63M (Peak 58.63M) | Time:00:00.00 | Mem:0.00M, Peak:0.00M | Scene, ViewLayer | Synchronizing object | left_top_clamp_screw
Fra:1 Mem:58.64M (Peak 58.64M) | Time:00:00.00 | Mem:0.00M, Peak:0.00M | Scene, ViewLayer | Synchronizing object | right_upright
Fra:1 Mem:58.69M (Peak 58.69M) | Time:00:00.00 | Mem:0.00M, Peak:0.00M | Scene, ViewLayer | Synchronizing object | top_NATO_stop_25
Fra:1 Mem:58.83M (Peak 58.83M) | Time:00:00.00 | Mem:0.00M, Peak:0.00M | Scene, ViewLayer | Synchronizing object | tool_magnet
Fra:1 Mem:58.85M (Peak 58.85M) | Time:00:00.00 | Mem:0.00M, Peak:0.00M | Scene, ViewLayer | Synchronizing object | magnetic_multitool
Fra:1 Mem:58.90M (Peak 58.90M) | Time:00:00.00 | Mem:0.00M, Peak:0.00M | Scene, ViewLayer | Synchronizing object | baseplate
Fra:1 Mem:59.05M (Peak 59.05M) | Time:00:00.00 | Mem:0.00M, Peak:0.00M | Scene, ViewLayer | Synchronizing object | camera_anti_twist_pin
Fra:1 Mem:59.09M (Peak 59.09M) | Time:00:00.00 | Mem:0.00M, Peak:0.00M | Scene, ViewLayer | Synchronizing object | cold_shoe_screw_-12
Fra:1 Mem:59.15M (Peak 59.15M) | Time:00:00.00 | Mem:0.00M, Peak:0.00M | Scene, ViewLayer | Synchronizing object | side_NATO_stop_29
Fra:1 Mem:59.20M (Peak 59.20M) | Time:00:00.00 | Mem:0.00M, Peak:0.00M | Scene, ViewLayer | Synchronizing object | cable_mount
Fra:1 Mem:59.25M (Peak 59.26M) | Time:00:00.00 | Mem:0.00M, Peak:0.00M | Scene, ViewLayer | Synchronizing object | cable_swing_frame
Fra:1 Mem:59.65M (Peak 59.65M) | Time:00:00.00 | Mem:0.00M, Peak:0.00M | Scene, ViewLayer | Synchronizing object | M2_5_lug_fastener
Fra:1 Mem:59.75M (Peak 59.75M) | Time:00:00.00 | Mem:0.00M, Peak:0.00M | Scene, ViewLayer | Synchronizing object | cable_lower_pad
Fra:1 Mem:60.16M (Peak 60.16M) | Time:00:00.00 | Mem:0.00M, Peak:0.00M | Scene, ViewLayer | Synchronizing object | cable_upper_pad
Fra:1 Mem:60.90M (Peak 60.90M) | Time:00:00.00 | Mem:0.00M, Peak:0.00M | Scene, ViewLayer | Synchronizing object | cable_thumbwheel
Fra:1 Mem:61.32M (Peak 61.32M) | Time:00:00.00 | Mem:0.00M, Peak:0.00M | Scene, ViewLayer | Synchronizing object | QD_retention_71
Fra:1 Mem:61.75M (Peak 61.75M) | Time:00:00.00 | Mem:0.00M, Peak:0.00M | Scene, ViewLayer | Synchronizing object | QD_retention_89
Fra:1 Mem:61.78M (Peak 61.78M) | Time:00:00.00 | Mem:0.00M, Peak:0.00M | Scene, ViewLayer | Synchronizing object | lens_slider_-25
Fra:1 Mem:62.09M (Peak 62.09M) | Time:00:00.00 | Mem:0.00M, Peak:0.00M | Scene, ViewLayer | Synchronizing object | lens_adapter_support
Fra:1 Mem:62.75M (Peak 62.75M) | Time:00:00.00 | Mem:0.00M, Peak:0.00M | Scene, ViewLayer | Synchronizing object | side_lug_bridge
Fra:1 Mem:62.84M (Peak 62.84M) | Time:00:00.00 | Mem:0.00M, Peak:0.00M | Scene, ViewLayer | Synchronizing object | side_bridge_clamp
Fra:1 Mem:76.39M (Peak 76.39M) | Time:00:00.00 | Mem:0.00M, Peak:0.00M | Scene, ViewLayer | Initializing
Fra:1 Mem:74.42M (Peak 76.39M) | Time:00:00.01 | Mem:0.00M, Peak:0.00M | Scene, ViewLayer | Waiting for render to start
Fra:1 Mem:74.42M (Peak 76.39M) | Time:00:00.01 | Mem:0.00M, Peak:0.00M | Scene, ViewLayer | Loading render kernels (may take a few minutes the first time)
Fra:1 Mem:74.42M (Peak 76.39M) | Time:00:00.01 | Mem:0.00M, Peak:0.00M | Scene, ViewLayer | Updating Scene
Fra:1 Mem:74.42M (Peak 76.39M) | Time:00:00.01 | Mem:0.00M, Peak:0.00M | Scene, ViewLayer | Updating Shaders
Fra:1 Mem:74.51M (Peak 76.39M) | Time:00:00.01 | Mem:0.00M, Peak:0.00M | Scene, ViewLayer | Updating Procedurals
Fra:1 Mem:74.51M (Peak 76.39M) | Time:00:00.01 | Mem:0.00M, Peak:0.00M | Scene, ViewLayer | Updating Background
Fra:1 Mem:74.51M (Peak 76.39M) | Time:00:00.01 | Mem:0.00M, Peak:0.00M | Scene, ViewLayer | Updating Camera
Fra:1 Mem:74.51M (Peak 76.39M) | Time:00:00.01 | Mem:0.00M, Peak:0.00M | Scene, ViewLayer | Updating Meshes Flags
Fra:1 Mem:74.51M (Peak 76.39M) | Time:00:00.01 | Mem:0.00M, Peak:0.00M | Scene, ViewLayer | Updating Objects
Fra:1 Mem:74.51M (Peak 76.39M) | Time:00:00.01 | Mem:0.00M, Peak:0.00M | Scene, ViewLayer | Updating Objects | Copying Transformations to device
Fra:1 Mem:74.52M (Peak 76.39M) | Time:00:00.01 | Mem:0.02M, Peak:0.02M | Scene, ViewLayer | Updating Objects | Applying Static Transformations
Fra:1 Mem:74.52M (Peak 76.39M) | Time:00:00.01 | Mem:0.02M, Peak:0.02M | Scene, ViewLayer | Updating Particle Systems
Fra:1 Mem:74.52M (Peak 76.39M) | Time:00:00.01 | Mem:0.02M, Peak:0.02M | Scene, ViewLayer | Updating Particle Systems | Copying Particles to device
Fra:1 Mem:74.52M (Peak 76.39M) | Time:00:00.01 | Mem:0.02M, Peak:0.02M | Scene, ViewLayer | Updating Meshes
Fra:1 Mem:79.90M (Peak 79.90M) | Time:00:00.01 | Mem:0.02M, Peak:0.02M | Scene, ViewLayer | Updating Mesh | Computing attributes
Fra:1 Mem:82.92M (Peak 82.92M) | Time:00:00.01 | Mem:0.02M, Peak:0.02M | Scene, ViewLayer | Updating Mesh | Copying Attributes to device
Fra:1 Mem:82.91M (Peak 82.92M) | Time:00:00.01 | Mem:3.03M, Peak:3.03M | Scene, ViewLayer | Updating Scene BVH | Building
Fra:1 Mem:82.91M (Peak 82.92M) | Time:00:00.01 | Mem:3.03M, Peak:3.03M | Scene, ViewLayer | Updating Scene BVH | Building BVH
Fra:1 Mem:82.91M (Peak 82.92M) | Time:00:00.01 | Mem:13.78M, Peak:13.78M | Scene, ViewLayer | Updating Scene BVH | Building BVH 0%
Fra:1 Mem:82.91M (Peak 82.92M) | Time:00:00.02 | Mem:25.48M, Peak:36.24M | Scene, ViewLayer | Updating Scene BVH | Copying BVH to device
Fra:1 Mem:82.91M (Peak 82.92M) | Time:00:00.02 | Mem:25.48M, Peak:36.24M | Scene, ViewLayer | Updating Mesh | Computing normals
Fra:1 Mem:97.65M (Peak 97.65M) | Time:00:00.03 | Mem:25.48M, Peak:36.24M | Scene, ViewLayer | Updating Mesh | Copying Mesh to device
Fra:1 Mem:97.65M (Peak 97.65M) | Time:00:00.03 | Mem:40.23M, Peak:40.23M | Scene, ViewLayer | Updating Objects Flags
Fra:1 Mem:97.65M (Peak 97.65M) | Time:00:00.03 | Mem:40.23M, Peak:40.23M | Scene, ViewLayer | Updating Primitive Offsets
Fra:1 Mem:97.65M (Peak 97.65M) | Time:00:00.03 | Mem:40.23M, Peak:40.23M | Scene, ViewLayer | Updating Images
Fra:1 Mem:97.65M (Peak 97.65M) | Time:00:00.03 | Mem:40.23M, Peak:40.23M | Scene, ViewLayer | Updating Camera Volume
Fra:1 Mem:97.65M (Peak 97.65M) | Time:00:00.03 | Mem:40.23M, Peak:40.23M | Scene, ViewLayer | Updating Lookup Tables
Fra:1 Mem:97.65M (Peak 97.65M) | Time:00:00.03 | Mem:40.31M, Peak:40.31M | Scene, ViewLayer | Updating Lights
Fra:1 Mem:97.65M (Peak 97.65M) | Time:00:00.03 | Mem:40.31M, Peak:40.31M | Scene, ViewLayer | Updating Lights | Computing tree
Fra:1 Mem:97.65M (Peak 97.65M) | Time:00:00.03 | Mem:40.31M, Peak:40.31M | Scene, ViewLayer | Updating Integrator
Fra:1 Mem:97.65M (Peak 97.65M) | Time:00:00.03 | Mem:40.31M, Peak:40.31M | Scene, ViewLayer | Updating Film
Fra:1 Mem:97.66M (Peak 97.66M) | Time:00:00.03 | Mem:40.23M, Peak:40.31M | Scene, ViewLayer | Updating Lookup Tables
Fra:1 Mem:97.66M (Peak 97.66M) | Time:00:00.03 | Mem:40.31M, Peak:40.31M | Scene, ViewLayer | Updating Baking
Fra:1 Mem:97.66M (Peak 97.66M) | Time:00:00.03 | Mem:40.31M, Peak:40.31M | Scene, ViewLayer | Updating Device | Writing constant memory
Fra:1 Mem:97.66M (Peak 97.66M) | Time:00:00.03 | Mem:40.31M, Peak:40.31M | Scene, ViewLayer | Loading denoising kernels (may take a few minutes the first time)
Fra:1 Mem:97.66M (Peak 97.66M) | Time:00:00.03 | Mem:40.31M, Peak:40.31M | Scene, ViewLayer | Sample 0/40
Fra:1 Mem:280.72M (Peak 280.72M) | Time:00:00.25 | Remaining:00:08.81 | Mem:222.96M, Peak:222.96M | Scene, ViewLayer | Sample 1/40
Fra:1 Mem:357.63M (Peak 472.99M) | Time:00:12.68 | Mem:222.96M, Peak:222.96M | Scene, ViewLayer | Sample 40/40
Fra:1 Mem:357.63M (Peak 472.99M) | Time:00:12.68 | Mem:222.96M, Peak:222.96M | Scene, ViewLayer | Finished
Saved: 'C:\nikon_cage_cad\renders\r2\17_clamp_open.png'
Time: 00:12.92 (Saving: 00:00.22)

Info: Saved "zr_modular_review.blend"
INFO Draco mesh compression is available, use library at C:\Program Files\Blender Foundation\Blender 4.4\4.4\scripts\addons_core\io_scene_gltf2\extern_draco.dll
19:17:57 | INFO: Starting glTF 2.0 export
19:17:57 | INFO: Extracting primitive: left_top_clamp_screw
19:17:57 | INFO: Primitives created: 1
19:17:57 | INFO: Extracting primitive: left_base_clamp_screw
19:17:57 | INFO: Primitives created: 1
19:17:57 | INFO: Extracting primitive: left_upright
19:17:57 | INFO: Primitives created: 1
19:17:57 | INFO: Extracting primitive: left_top_retainer
19:17:57 | INFO: Primitives created: 1
19:17:57 | INFO: Extracting primitive: left_top_axial_screw
19:17:57 | INFO: Primitives created: 1
19:17:57 | INFO: Extracting primitive: left_base_axial_screw
19:17:57 | INFO: Primitives created: 1
19:17:57 | INFO: Extracting primitive: right_top_clamp_screw
19:17:57 | INFO: Primitives created: 1
19:17:57 | INFO: Extracting primitive: right_base_clamp_screw
19:17:57 | INFO: Primitives created: 1
19:17:57 | INFO: Extracting primitive: right_upright
19:17:57 | INFO: Primitives created: 1
19:17:57 | INFO: Extracting primitive: right_top_retainer
19:17:57 | INFO: Primitives created: 1
19:17:57 | INFO: Extracting primitive: right_top_axial_screw
19:17:57 | INFO: Primitives created: 1
19:17:57 | INFO: Extracting primitive: right_base_axial_screw
19:17:57 | INFO: Primitives created: 1
19:17:57 | INFO: Extracting primitive: top_NATO_stop_-25
19:17:57 | INFO: Primitives created: 1
19:17:57 | INFO: Extracting primitive: top_NATO_stop_25
19:17:57 | INFO: Primitives created: 1
19:17:57 | INFO: Extracting primitive: pad_-48_-16
19:17:57 | INFO: Primitives created: 1
19:17:57 | INFO: Extracting primitive: pad_-48_16
19:17:57 | INFO: Primitives created: 1
19:17:57 | INFO: Extracting primitive: pad_-7_-16
19:17:57 | INFO: Primitives created: 1
19:17:57 | INFO: Extracting primitive: pad_-7_16
19:17:57 | INFO: Primitives created: 1
19:17:57 | INFO: Extracting primitive: tool_magnet
19:17:57 | INFO: Primitives created: 1
19:17:57 | INFO: Extracting primitive: magnetic_multitool
19:17:57 | INFO: Primitives created: 1
19:17:58 | INFO: Extracting primitive: top_plate
19:17:58 | INFO: Primitives created: 1
19:17:58 | INFO: Extracting primitive: baseplate
19:17:58 | INFO: Primitives created: 1
19:17:58 | INFO: Extracting primitive: camera_tie_down
19:17:58 | INFO: Primitives created: 1
19:17:58 | INFO: Extracting primitive: camera_anti_twist_pin
19:17:58 | INFO: Primitives created: 1
19:17:58 | INFO: Extracting primitive: cold_shoe_screw_-23
19:17:58 | INFO: Primitives created: 1
19:17:58 | INFO: Extracting primitive: cold_shoe_screw_-12
19:17:58 | INFO: Primitives created: 1
19:17:58 | INFO: Extracting primitive: cold_shoe
19:17:58 | INFO: Primitives created: 1
19:17:58 | INFO: Extracting primitive: side_rail_clamp_22
19:17:58 | INFO: Primitives created: 1
19:17:58 | INFO: Extracting primitive: side_rail_clamp_70
19:17:58 | INFO: Primitives created: 1
19:17:58 | INFO: Extracting primitive: side_NATO_stop_29
19:17:58 | INFO: Primitives created: 1
19:17:58 | INFO: Extracting primitive: side_NATO_stop_71
19:17:58 | INFO: Primitives created: 1
19:17:58 | INFO: Extracting primitive: left_NATO_carrier
19:17:58 | INFO: Primitives created: 1
19:17:58 | INFO: Extracting primitive: cable_mount_clamp
19:17:58 | INFO: Primitives created: 1
19:17:58 | INFO: Extracting primitive: cable_mount
19:17:58 | INFO: Primitives created: 1
19:17:58 | INFO: Extracting primitive: cable_carrier_M4_-95
19:17:58 | INFO: Primitives created: 1
19:17:58 | INFO: Extracting primitive: cable_carrier_M4_-81
19:17:58 | INFO: Primitives created: 1
19:17:58 | INFO: Extracting primitive: cable_pivot_plate
19:17:58 | INFO: Primitives created: 1
19:17:58 | INFO: Extracting primitive: cable_swing_frame
19:17:58 | INFO: Primitives created: 1
19:17:58 | INFO: Extracting primitive: cable_moving_jaw
19:17:58 | INFO: Primitives created: 1
19:17:58 | INFO: Extracting primitive: cable_lower_pad
19:17:58 | INFO: Primitives created: 1
19:17:58 | INFO: Extracting primitive: cable_upper_pad
19:17:58 | INFO: Primitives created: 1
19:17:58 | INFO: Extracting primitive: cable_thumbwheel
19:17:58 | INFO: Primitives created: 1
19:17:58 | INFO: Extracting primitive: QD_socket_insert
19:17:58 | INFO: Primitives created: 1
19:17:58 | INFO: Extracting primitive: QD_retention_71
19:17:58 | INFO: Primitives created: 1
19:17:58 | INFO: Extracting primitive: QD_retention_89
19:17:58 | INFO: Primitives created: 1
19:17:58 | INFO: Extracting primitive: lens_slider_-25
19:17:58 | INFO: Primitives created: 1
19:17:58 | INFO: Extracting primitive: lens_slider_-9
19:17:58 | INFO: Primitives created: 1
19:17:58 | INFO: Extracting primitive: lens_support_slider
19:17:58 | INFO: Primitives created: 1
19:17:58 | INFO: Extracting primitive: lens_adapter_support
19:17:58 | INFO: Primitives created: 1
19:17:58 | INFO: Extracting primitive: lens_support_lock
19:17:58 | INFO: Primitives created: 1
19:17:58 | INFO: Extracting primitive: side_lug_bridge
19:17:58 | INFO: Primitives created: 1
19:17:58 | INFO: Extracting primitive: side_bridge_clamp
19:17:58 | INFO: Primitives created: 1
19:17:58 | INFO: Extracting primitive: M2_5_lug_fastener
19:17:58 | INFO: Primitives created: 1
19:17:58 | INFO: Finished glTF 2.0 export in 0.4309732913970947 s

19:17:58 | INFO: Starting glTF 2.0 export
19:17:58 | INFO: Extracting primitive: left_top_clamp_screw
19:17:58 | INFO: Primitives created: 1
19:17:58 | INFO: Extracting primitive: left_base_clamp_screw
19:17:58 | INFO: Primitives created: 1
19:17:58 | INFO: Extracting primitive: left_upright
19:17:58 | INFO: Primitives created: 1
19:17:58 | INFO: Extracting primitive: left_top_retainer
19:17:58 | INFO: Primitives created: 1
19:17:58 | INFO: Extracting primitive: left_top_axial_screw
19:17:58 | INFO: Primitives created: 1
19:17:58 | INFO: Extracting primitive: left_base_axial_screw
19:17:58 | INFO: Primitives created: 1
19:17:58 | INFO: Extracting primitive: right_top_clamp_screw
19:17:58 | INFO: Primitives created: 1
19:17:58 | INFO: Extracting primitive: right_base_clamp_screw
19:17:58 | INFO: Primitives created: 1
19:17:58 | INFO: Extracting primitive: right_upright
19:17:58 | INFO: Primitives created: 1
19:17:58 | INFO: Extracting primitive: right_top_retainer
19:17:58 | INFO: Primitives created: 1
19:17:58 | INFO: Extracting primitive: right_top_axial_screw
19:17:58 | INFO: Primitives created: 1
19:17:58 | INFO: Extracting primitive: right_base_axial_screw
19:17:58 | INFO: Primitives created: 1
19:17:58 | INFO: Extracting primitive: top_NATO_stop_-25
19:17:58 | INFO: Primitives created: 1
19:17:58 | INFO: Extracting primitive: top_NATO_stop_25
19:17:58 | INFO: Primitives created: 1
19:17:58 | INFO: Extracting primitive: pad_-48_-16
19:17:58 | INFO: Primitives created: 1
19:17:58 | INFO: Extracting primitive: pad_-48_16
19:17:58 | INFO: Primitives created: 1
19:17:58 | INFO: Extracting primitive: pad_-7_-16
19:17:58 | INFO: Primitives created: 1
19:17:58 | INFO: Extracting primitive: pad_-7_16
19:17:58 | INFO: Primitives created: 1
19:17:58 | INFO: Extracting primitive: tool_magnet
19:17:58 | INFO: Primitives created: 1
19:17:58 | INFO: Extracting primitive: magnetic_multitool
19:17:58 | INFO: Primitives created: 1
19:17:58 | INFO: Extracting primitive: top_plate
19:17:58 | INFO: Primitives created: 1
19:17:58 | INFO: Extracting primitive: baseplate
19:17:58 | INFO: Primitives created: 1
19:17:58 | INFO: Extracting primitive: camera_tie_down
19:17:58 | INFO: Primitives created: 1
19:17:58 | INFO: Extracting primitive: camera_anti_twist_pin
19:17:58 | INFO: Primitives created: 1
19:17:58 | INFO: Extracting primitive: cold_shoe_screw_-23
19:17:58 | INFO: Primitives created: 1
19:17:58 | INFO: Extracting primitive: cold_shoe_screw_-12
19:17:58 | INFO: Primitives created: 1
19:17:58 | INFO: Extracting primitive: cold_shoe
19:17:58 | INFO: Primitives created: 1
19:17:58 | INFO: Extracting primitive: side_rail_clamp_22
19:17:58 | INFO: Primitives created: 1
19:17:58 | INFO: Extracting primitive: side_rail_clamp_70
19:17:58 | INFO: Primitives created: 1
19:17:58 | INFO: Extracting primitive: side_NATO_stop_29
19:17:58 | INFO: Primitives created: 1
19:17:58 | INFO: Extracting primitive: side_NATO_stop_71
19:17:58 | INFO: Primitives created: 1
19:17:58 | INFO: Extracting primitive: left_NATO_carrier
19:17:58 | INFO: Primitives created: 1
19:17:58 | INFO: Extracting primitive: cable_mount_clamp
19:17:58 | INFO: Primitives created: 1
19:17:58 | INFO: Extracting primitive: cable_mount
19:17:58 | INFO: Primitives created: 1
19:17:58 | INFO: Extracting primitive: cable_carrier_M4_-95
19:17:58 | INFO: Primitives created: 1
19:17:58 | INFO: Extracting primitive: cable_carrier_M4_-81
19:17:58 | INFO: Primitives created: 1
19:17:58 | INFO: Extracting primitive: cable_pivot_plate
19:17:58 | INFO: Primitives created: 1
19:17:58 | INFO: Extracting primitive: cable_swing_frame
19:17:58 | INFO: Primitives created: 1
19:17:58 | INFO: Extracting primitive: cable_moving_jaw
19:17:58 | INFO: Primitives created: 1
19:17:58 | INFO: Extracting primitive: cable_lower_pad
19:17:58 | INFO: Primitives created: 1
19:17:58 | INFO: Extracting primitive: cable_upper_pad
19:17:58 | INFO: Primitives created: 1
19:17:58 | INFO: Extracting primitive: cable_thumbwheel
19:17:58 | INFO: Primitives created: 1
19:17:58 | INFO: Extracting primitive: QD_socket_insert
19:17:58 | INFO: Primitives created: 1
19:17:58 | INFO: Extracting primitive: QD_retention_71
19:17:58 | INFO: Primitives created: 1
19:17:58 | INFO: Extracting primitive: QD_retention_89
19:17:58 | INFO: Primitives created: 1
19:17:58 | INFO: Extracting primitive: lens_slider_-25
19:17:58 | INFO: Primitives created: 1
19:17:58 | INFO: Extracting primitive: lens_slider_-9
19:17:58 | INFO: Primitives created: 1
19:17:58 | INFO: Extracting primitive: lens_support_slider
19:17:58 | INFO: Primitives created: 1
19:17:58 | INFO: Extracting primitive: lens_adapter_support
19:17:58 | INFO: Primitives created: 1
19:17:58 | INFO: Extracting primitive: lens_support_lock
19:17:58 | INFO: Primitives created: 1
19:17:58 | INFO: Extracting primitive: side_lug_bridge
19:17:58 | INFO: Primitives created: 1
19:17:58 | INFO: Extracting primitive: side_bridge_clamp
19:17:58 | INFO: Primitives created: 1
19:17:58 | INFO: Extracting primitive: M2_5_lug_fastener
19:17:58 | INFO: Primitives created: 1
19:17:58 | INFO: Extracting primitive: grip_clamp_12
19:17:58 | INFO: Primitives created: 1
19:17:58 | INFO: Extracting primitive: grip_clamp_57
19:17:58 | INFO: Primitives created: 1
19:17:58 | INFO: Extracting primitive: grip_carrier
19:17:58 | INFO: Primitives created: 1
19:17:58 | INFO: Extracting primitive: grip_retention_25
19:17:58 | INFO: Primitives created: 1
19:17:58 | INFO: Extracting primitive: grip_retention_48
19:17:58 | INFO: Primitives created: 1
19:17:58 | INFO: Extracting primitive: silicone_grip
19:17:58 | INFO: Primitives created: 1
19:17:58 | INFO: Finished glTF 2.0 export in 0.45954370498657227 s

Render package complete: C:\nikon_cage_cad\renders\r2

Blender quit
